obs_id,train_id,price,carat,cut,color,clarity,depth,table,x,y,z
id_000001,train,787,0.28,Ideal,F,VVS2,62.6,55,4.2,4.23,2.64
id_000002,train,2346,0.71,Very Good,F,SI1,62.1,59,5.64,5.73,3.53
id_000003,train,478,0.26,Ideal,G,VS1,62.1,55,4.09,4.12,2.55
id_000004,test,NA,1,Good,D,VS2,64.1,58,6.24,6.33,4.03
id_000005,train,5818,1.2,Good,I,VS1,59.6,61,6.84,6.89,4.09
id_000006,test,NA,0.57,Very Good,G,SI1,63.4,57,5.26,5.21,3.32
id_000007,test,NA,0.75,Ideal,E,SI2,62.1,57,5.81,5.85,3.62
id_000008,valid,570,0.3,Ideal,F,VS1,62.6,57,4.29,4.34,2.7
id_000009,valid,2980,0.64,Good,F,IF,58.6,61,5.69,5.71,3.34
id_000010,train,2854,0.73,Premium,E,VS2,62,57,5.86,5.76,3.6
id_000011,train,483,0.35,Ideal,J,VS1,62.6,53.7,4.51,4.54,2.83
id_000012,train,1310,0.52,Very Good,I,VS1,61,58,5.18,5.22,3.17
id_000013,valid,5394,1.01,Very Good,D,SI1,59.8,56,6.57,6.6,3.94
id_000014,train,828,0.32,Ideal,F,VS2,62.4,56,4.37,4.35,2.72
id_000015,valid,7279,1.01,Good,G,VVS1,63.1,59,6.33,6.42,4.02
id_000016,train,1427,0.59,Good,I,VVS2,57.8,61,5.52,5.6,3.21
id_000017,valid,15398,2.04,Premium,E,SI2,62.7,60,8.04,8,5.03
id_000018,test,NA,0.56,Premium,D,SI1,61.4,58,5.29,5.33,3.26
id_000019,train,821,0.39,Very Good,F,VS2,58.8,59,4.8,4.83,2.83
id_000020,valid,3212,0.61,Ideal,E,VVS1,59.9,61,5.5,5.55,3.31
id_000021,test,NA,0.51,Ideal,I,SI1,62.5,57,5.1,5.07,3.18
id_000022,train,564,0.26,Good,F,VVS1,63.3,57,4.05,4.07,2.57
id_000023,valid,583,0.31,Good,G,VS1,63.3,57,4.28,4.31,2.72
id_000024,train,2150,0.7,Good,G,SI1,63.7,60,5.57,5.51,3.53
id_000025,train,9526,1.16,Ideal,G,VVS1,62,57,6.72,6.74,4.17
id_000026,train,1115,0.41,Premium,H,VVS1,61.4,60,4.78,4.73,2.92
id_000027,train,1607,0.53,Premium,E,SI1,60,60,5.27,5.24,3.21
id_000028,train,4456,1.11,Very Good,H,SI2,59.8,60,6.66,6.75,4.01
id_000029,test,NA,0.36,Premium,D,SI1,60.4,58,4.64,4.6,2.79
id_000030,train,990,0.44,Premium,I,VVS1,61.5,58,4.95,4.87,3.02
id_000031,train,1210,0.73,Good,G,I1,63.9,55,5.76,5.69,3.65
id_000032,train,6319,1.08,Very Good,F,VS2,63.1,57,6.56,6.5,4.12
id_000033,train,12898,2.01,Premium,E,SI1,60.4,61,8.05,7.98,4.84
id_000034,train,2137,0.7,Good,H,VS2,64.5,57,5.53,5.57,3.58
id_000035,valid,996,0.45,Premium,F,SI2,62.6,57,4.94,4.87,3.07
id_000036,valid,2603,0.7,Premium,H,VVS1,58.3,60,5.83,5.8,3.39
id_000037,valid,2055,0.56,Ideal,G,VVS1,62.3,55,5.25,5.31,3.29
id_000038,train,625,0.31,Very Good,F,VS2,61.4,62,4.32,4.34,2.66
id_000039,valid,10644,1.15,Ideal,G,VVS1,62.7,56,6.69,6.67,4.19
id_000040,train,15601,1.78,Premium,H,VS1,60.2,59,7.96,7.83,4.75
id_000041,valid,8752,1.51,Premium,H,SI1,61.5,58,7.38,7.31,4.52
id_000042,valid,6539,1.03,Very Good,G,VS1,62.2,57,6.42,6.47,4.01
id_000043,valid,1134,0.63,Good,J,SI1,59.9,64,5.63,5.58,3.36
id_000044,train,2263,0.8,Very Good,H,SI2,59.7,58,6.03,6.09,3.62
id_000045,train,4319,1.07,Premium,F,SI2,58.2,58,6.79,6.72,3.93
id_000046,valid,522,0.35,Good,G,SI1,63.8,54,4.46,4.48,2.85
id_000047,train,7016,1.34,Ideal,I,VS1,62.2,57,7.02,7.06,4.38
id_000048,train,4463,1.14,Premium,H,SI1,62.1,59,6.73,6.61,4.14
id_000049,valid,2077,0.55,Ideal,G,VVS1,61.2,56,5.27,5.3,3.24
id_000050,valid,1708,0.51,Ideal,E,VS1,61.5,53,5.17,5.24,3.2
id_000051,train,5932,1.15,Very Good,D,SI1,61.7,58,6.69,6.76,4.15
id_000052,test,NA,0.78,Very Good,E,VS1,60.9,57,5.94,5.88,3.59
id_000053,train,4452,1,Premium,F,SI2,61.6,61,6.36,6.33,3.91
id_000054,train,1410,0.55,Very Good,F,SI1,59.5,61,5.28,5.41,3.18
id_000055,train,2196,0.7,Premium,F,SI1,60.4,58,5.76,5.82,3.5
id_000056,train,4020,0.97,Premium,F,SI2,58.9,58,6.51,6.47,3.82
id_000057,train,5904,1.09,Ideal,I,VS2,61.8,57,6.55,6.59,4.06
id_000058,train,2300,0.72,Ideal,F,SI2,61.2,58,5.72,5.78,3.52
id_000059,valid,3603,0.8,Very Good,F,VS1,63.8,55,5.84,5.89,3.74
id_000060,train,5624,1.64,Premium,J,SI2,63,58,7.54,7.49,4.74
id_000061,test,NA,0.3,Very Good,D,VS2,62.5,57,4.26,4.28,2.67
id_000062,train,2723,0.82,Premium,F,SI2,60.3,57,6.07,6.03,3.65
id_000063,train,1255,0.54,Very Good,F,SI1,63,57,5.18,5.23,3.28
id_000064,train,14341,1.61,Ideal,G,VS1,61.9,55,7.58,7.55,4.68
id_000065,valid,1593,0.55,Premium,I,VVS1,61.3,59,5.27,5.3,3.24
id_000066,train,13134,1.83,Very Good,E,SI2,62.8,56,7.76,7.82,4.89
id_000067,train,2856,0.6,Ideal,F,VVS2,60.8,57,5.44,5.49,3.32
id_000068,valid,3886,1.05,Premium,E,SI2,62.2,59,6.51,6.44,4.03
id_000069,train,5920,1.28,Very Good,I,SI1,63.6,54,6.87,6.9,4.38
id_000070,test,NA,0.41,Premium,G,VS1,62.7,57,4.77,4.74,2.98
id_000071,train,3881,0.9,Very Good,F,SI1,63.2,61,6.13,6.09,3.86
id_000072,valid,3504,0.7,Ideal,E,VS2,60.8,56,5.74,5.78,3.5
id_000073,train,803,0.42,Premium,I,SI1,61.2,60,4.82,4.78,2.94
id_000074,train,579,0.33,Very Good,G,VS2,62.6,58,4.36,4.4,2.74
id_000075,train,2066,1.05,Good,E,I1,64.1,58,6.46,6.32,4.09
id_000076,test,NA,0.35,Premium,H,SI2,61.6,58,4.54,4.49,2.78
id_000077,valid,3752,0.9,Very Good,G,SI1,63.8,57,6.04,6.13,3.88
id_000078,train,1103,0.56,Ideal,F,SI2,61.8,57,5.28,5.33,3.28
id_000079,valid,6912,1.01,Good,D,VS2,61.8,59,6.28,6.35,3.9
id_000080,test,NA,0.9,Very Good,D,SI1,63.4,53,6.1,6.17,3.89
id_000081,train,1103,0.35,Premium,G,VVS1,61.8,57,4.53,4.5,2.79
id_000082,valid,1822,0.52,Ideal,D,VS2,62.6,55,5.12,5.14,3.21
id_000083,train,579,0.33,Ideal,G,VS2,62.5,57,4.39,4.41,2.75
id_000084,test,NA,1,Very Good,E,SI2,60.6,60,6.33,6.4,3.86
id_000085,valid,12063,1.76,Premium,D,SI1,61,60,7.76,7.68,4.77
id_000086,train,1363,0.53,Ideal,F,SI1,62.9,57,5.18,5.15,3.25
id_000087,valid,675,0.3,Premium,E,SI1,62.4,58,4.28,4.24,2.66
id_000088,train,4752,1.07,Ideal,G,SI2,62.1,55,6.54,6.61,4.08
id_000089,train,1738,0.5,Very Good,F,VS1,62.6,59,5.03,5.06,3.16
id_000090,train,2541,0.7,Ideal,H,VVS1,62,57,5.66,5.7,3.52
id_000091,train,1024,0.39,Premium,D,VS2,61.4,60,4.72,4.7,2.89
id_000092,train,1800,0.51,Good,G,VVS2,63.7,54,5.08,5.1,3.24
id_000093,train,1286,0.59,Very Good,E,SI2,63.8,57,5.31,5.34,3.4
id_000094,valid,1793,0.59,Ideal,E,SI1,60.7,56,5.45,5.49,3.32
id_000095,valid,10827,1.53,Premium,H,VS2,59.9,60,7.5,7.46,4.48
id_000096,valid,3677,0.9,Ideal,I,VS1,61.6,56,6.22,6.16,3.81
id_000097,train,1013,0.38,Ideal,D,VS2,61.8,56,4.65,4.67,2.88
id_000098,train,798,0.35,Very Good,G,VVS2,62.8,58,4.44,4.48,2.8
id_000099,valid,12392,1.57,Very Good,H,SI1,62.4,58,7.39,7.49,4.64
id_000100,train,827,0.41,Good,E,VS1,62.8,58,4.67,4.7,2.94
id_000101,train,2823,0.61,Ideal,E,VVS2,61.3,54,5.51,5.59,3.4
id_000102,train,16392,2.07,Premium,I,SI1,62.9,59,8.15,8.09,5.11
id_000103,train,1022,0.43,Premium,D,SI1,62.4,60,4.82,4.79,3
id_000104,test,NA,0.9,Ideal,D,SI2,60.8,56,6.24,6.26,3.8
id_000105,train,2275,0.79,Premium,H,SI1,61.8,59,5.97,5.91,3.67
id_000106,train,4558,1.02,Good,H,SI1,63.9,55,6.4,6.37,4.08
id_000107,train,5122,1.01,Fair,D,SI1,66.2,56,6.05,6.1,4.02
id_000108,train,1050,0.4,Premium,F,VS1,60.4,59,4.76,4.75,2.87
id_000109,test,NA,0.73,Ideal,I,VVS1,61.8,57,5.75,5.77,3.56
id_000110,train,2025,0.5,Ideal,F,VVS2,62.2,54,5.07,5.12,3.17
id_000111,test,NA,0.3,Premium,G,VS2,61.8,60,4.29,4.25,2.64
id_000112,valid,3909,0.71,Ideal,G,VVS2,61.5,57,5.74,5.78,3.54
id_000113,train,512,0.23,Ideal,H,VS2,62.3,53,3.96,3.99,2.48
id_000114,test,NA,0.32,Ideal,F,VS2,61.3,56,4.43,4.41,2.71
id_000115,train,5433,1.05,Premium,E,SI1,61.2,58,6.57,6.53,4.01
id_000116,train,1076,0.41,Ideal,F,VS1,62.1,56,4.76,4.74,2.95
id_000117,valid,2310,0.7,Very Good,G,SI1,61.7,56,5.66,5.75,3.52
id_000118,train,5998,1.02,Premium,D,SI1,62.5,59,6.4,6.34,3.98
id_000119,train,13182,2.1,Ideal,I,SI1,61.7,55,8.21,8.13,5.04
id_000120,train,928,0.33,Ideal,E,VS2,60.3,57,4.54,4.51,2.73
id_000121,test,NA,0.61,Ideal,G,VVS2,60.1,57,5.52,5.54,3.32
id_000122,train,6078,1.34,Ideal,H,VS2,61.2,56,7.09,7.05,4.33
id_000123,train,680,0.38,Very Good,I,VS2,61.7,56,4.65,4.68,2.88
id_000124,train,3541,1.52,Premium,I,I1,61.2,58,7.43,7.35,4.52
id_000125,valid,2075,0.7,Premium,F,SI2,62.6,58,5.64,5.6,3.52
id_000126,train,8742,1.03,Ideal,D,VS1,61.5,57,6.48,6.52,4
id_000127,test,NA,0.52,Ideal,F,VS1,61.3,56,5.19,5.22,3.19
id_000128,train,1668,0.51,Ideal,H,VS1,61.6,55,5.17,5.19,3.19
id_000129,train,3740,0.9,Good,D,SI2,63.6,57,6.07,6.03,3.85
id_000130,train,998,0.38,Premium,F,VS1,62.4,59,4.63,4.57,2.87
id_000131,train,6438,1.31,Premium,I,VS2,61.9,59,7.02,6.98,4.33
id_000132,test,NA,0.38,Premium,I,SI1,60.5,58,4.67,4.72,2.84
id_000133,train,1819,0.55,Ideal,F,VS2,61.1,57,5.3,5.27,3.23
id_000134,train,1998,0.57,Very Good,D,VS2,61.4,56,5.34,5.37,3.29
id_000135,test,NA,0.43,Very Good,E,VVS2,59.3,59,4.95,4.97,2.94
id_000136,train,1817,0.7,Ideal,H,SI2,61.1,57,5.73,5.76,3.51
id_000137,train,732,0.31,Good,D,SI1,63.7,54,4.35,4.31,2.76
id_000138,test,NA,1.59,Premium,H,SI1,61,58,7.58,7.51,4.6
id_000139,test,NA,1.73,Ideal,H,SI1,62.7,56,7.62,7.67,4.79
id_000140,train,6128,1.06,Ideal,G,VS2,61.8,57,6.52,6.56,4.04
id_000141,train,4207,1.02,Very Good,F,SI2,60,60,6.53,6.57,3.93
id_000142,train,2444,0.78,Premium,F,SI2,62.7,56,5.87,5.84,3.67
id_000143,train,2479,0.7,Fair,G,VS2,64.9,57,5.55,5.54,3.6
id_000144,train,6108,1.01,Premium,G,VS2,62.4,58,6.41,6.38,3.99
id_000145,test,NA,0.7,Fair,G,VVS2,65.3,61,5.58,5.48,3.61
id_000146,train,896,0.4,Ideal,H,SI1,61.8,57,4.75,4.77,2.94
id_000147,train,883,0.4,Ideal,G,VVS2,61.4,53,4.73,4.81,2.93
id_000148,valid,6863,1.02,Very Good,D,SI1,60.3,56,6.55,6.57,3.96
id_000149,train,7226,1,Good,E,VVS2,65.3,56,6.19,6.24,4.06
id_000150,valid,2512,0.7,Very Good,G,VS1,60.8,56,5.72,5.76,3.49
id_000151,train,2276,0.73,Ideal,F,SI2,62.1,56,5.77,5.8,3.59
id_000152,train,914,0.39,Very Good,E,VS1,62.5,58,4.67,4.7,2.93
id_000153,train,6140,1.29,Premium,I,SI1,62.2,58,7.03,6.96,4.35
id_000154,train,2617,0.7,Ideal,E,SI1,60.2,58,5.75,5.78,3.47
id_000155,train,5042,1.11,Very Good,D,SI2,59.9,57,6.72,6.74,4.03
id_000156,test,NA,0.32,Premium,J,VS1,61.7,58,4.4,4.38,2.71
id_000157,train,735,0.3,Ideal,G,VVS1,60.9,56.8,4.34,4.38,2.65
id_000158,train,4113,1.02,Premium,H,SI2,61.1,61,6.51,6.48,3.97
id_000159,train,752,0.39,Ideal,G,VS1,61.3,56,4.68,4.71,2.88
id_000160,train,1129,0.43,Premium,F,VS1,61,57,4.89,4.84,2.97
id_000161,train,4105,0.91,Very Good,G,VS2,64,56.6,6.09,6.15,3.92
id_000162,test,NA,0.38,Ideal,G,SI1,60.6,57,4.71,4.76,2.87
id_000163,test,NA,0.74,Ideal,G,VS1,61.2,56,5.83,5.86,3.58
id_000164,valid,893,0.34,Premium,E,VS2,62.7,56,4.51,4.48,2.82
id_000165,valid,948,0.43,Very Good,E,SI1,63.1,56,4.83,4.8,3.04
id_000166,train,470,0.27,Very Good,E,VS1,62.9,56,4.12,4.15,2.6
id_000167,test,NA,1.12,Premium,I,SI1,61.3,58,6.69,6.68,4.1
id_000168,train,452,0.26,Ideal,F,VS1,62.3,56,4.08,4.1,2.55
id_000169,valid,4751,1.01,Premium,E,SI2,62.6,57,6.35,6.33,3.97
id_000170,train,7759,1.52,Very Good,J,SI1,59.9,57,7.45,7.47,4.47
id_000171,train,2586,0.77,Very Good,G,SI1,63.2,57,5.86,5.76,3.67
id_000172,test,NA,1,Good,G,VS2,63.5,59,6.23,6.33,3.99
id_000173,valid,18531,2.22,Ideal,I,VS2,61.3,56,8.45,8.36,5.15
id_000174,train,779,0.3,Ideal,E,VVS2,61.7,53.8,4.31,4.34,2.67
id_000175,train,6225,1.09,Ideal,I,VS1,61.4,56,6.61,6.66,4.07
id_000176,valid,10888,1.22,Ideal,G,VVS1,61.1,56,6.91,6.94,4.23
id_000177,train,2360,0.71,Ideal,H,SI2,62.2,55,5.72,5.7,3.55
id_000178,test,NA,1.21,Ideal,J,VS2,62.5,57,6.79,6.74,4.23
id_000179,train,813,0.41,Very Good,G,VS2,61.4,59.2,4.76,4.78,2.93
id_000180,valid,1410,0.5,Ideal,E,SI1,60.1,57,5.14,5.27,3.13
id_000181,train,584,0.37,Premium,I,VS1,61.4,59,4.55,4.61,2.81
id_000182,train,4165,0.9,Good,E,SI1,58.3,61,6.24,6.29,3.65
id_000183,valid,2037,1.04,Fair,I,I1,67.3,56,6.34,6.23,4.22
id_000184,test,NA,0.5,Ideal,H,VVS2,60.3,58,5.14,5.21,3.12
id_000185,valid,3838,1.12,Premium,G,SI2,61,60,6.7,6.64,4.07
id_000186,train,1779,0.51,Ideal,D,VS1,62.4,57,5.09,5.13,3.19
id_000187,valid,2822,0.71,Ideal,D,SI1,60.2,56,5.86,5.83,3.52
id_000188,test,NA,0.3,Ideal,D,VVS2,61.7,57,4.3,4.32,2.66
id_000189,valid,5285,1.04,Very Good,H,SI1,62,58,6.42,6.48,4
id_000190,train,2822,0.72,Premium,E,VS2,60.9,60,5.8,5.76,3.52
id_000191,train,5294,1.01,Premium,H,VS1,61.2,61,6.44,6.41,3.93
id_000192,test,NA,1.14,Good,G,SI2,63.7,58,6.62,6.54,4.19
id_000193,train,2422,0.7,Very Good,H,VS1,62.1,56,5.65,5.68,3.52
id_000194,valid,5288,1.33,Premium,F,SI2,60.7,62,7.12,7.07,4.31
id_000195,train,8858,1.56,Premium,I,VVS2,60.5,58,7.53,7.45,4.53
id_000196,train,5728,1,Ideal,E,SI1,62.8,54.2,6.32,6.4,4.01
id_000197,train,16733,2.01,Ideal,H,SI1,65.1,56,7.91,7.84,5.12
id_000198,valid,444,0.32,Premium,E,I1,60.9,58,4.42,4.38,2.68
id_000199,train,16643,1.67,Ideal,G,VS1,61.5,55,7.62,7.67,4.7
id_000200,valid,9069,1.51,Good,D,SI2,62.1,60,7.25,7.3,4.52
id_000201,train,4202,1.1,Very Good,I,SI2,60.5,59,6.65,6.71,4.04
id_000202,test,NA,1.01,Ideal,F,SI1,60,56,6.55,6.49,3.91
id_000203,train,6915,1.02,Very Good,E,VS2,60,59,6.54,6.59,3.94
id_000204,test,NA,0.32,Ideal,H,VVS1,62.2,56,4.38,4.37,2.72
id_000205,train,2333,0.72,Premium,E,SI1,62.8,52,5.78,5.72,3.61
id_000206,valid,4627,1.08,Premium,G,SI2,62.9,59,6.57,6.53,4.12
id_000207,test,NA,0.48,Ideal,F,IF,62.1,55,5,5.05,3.12
id_000208,train,6050,1,Good,E,VS2,57.4,58,6.57,6.61,3.78
id_000209,test,NA,1.61,Ideal,G,SI1,62.4,55,7.51,7.48,4.68
id_000210,test,NA,0.32,Ideal,E,VS2,61,56,4.4,4.42,2.69
id_000211,test,NA,0.73,Premium,E,VS1,62.6,60,5.68,5.75,3.58
id_000212,train,2207,0.61,Premium,D,VS1,62.4,57,5.46,5.44,3.4
id_000213,valid,4972,1.06,Very Good,E,SI2,62.1,56,6.52,6.59,4.07
id_000214,valid,1079,0.41,Premium,E,VS1,60.8,59,4.76,4.82,2.91
id_000215,valid,5570,1.2,Good,I,VS1,57.8,61,7.02,6.96,4.04
id_000216,test,NA,0.9,Good,H,SI1,62.8,62,6.05,6.09,3.81
id_000217,train,650,0.28,Ideal,G,IF,61.5,57,4.19,4.21,2.58
id_000218,valid,3472,1,Good,H,SI2,63.7,58,6.28,6.15,3.96
id_000219,valid,778,0.31,Ideal,G,VVS1,62.3,53,4.37,4.42,2.74
id_000220,test,NA,1.01,Fair,H,SI2,65.4,59,6.3,6.26,4.11
id_000221,test,NA,0.93,Premium,E,I1,62.3,60,6.2,6.23,3.87
id_000222,train,756,0.32,Ideal,D,SI1,62.6,55,4.39,4.36,2.74
id_000223,train,2090,0.54,Ideal,G,VVS2,60.6,56,5.27,5.26,3.19
id_000224,train,761,0.31,Very Good,G,VVS1,62.8,57,4.3,4.33,2.71
id_000225,test,NA,1.05,Good,G,SI2,63.2,54,6.49,6.52,4.11
id_000226,test,NA,0.33,Ideal,G,VS1,62.4,56,4.43,4.45,2.77
id_000227,test,NA,0.7,Ideal,F,SI2,62,55,5.69,5.73,3.54
id_000228,train,2243,0.61,Very Good,E,VS1,61.1,58,5.47,5.52,3.36
id_000229,train,4235,1.1,Very Good,I,SI1,60.4,61,6.69,6.73,4.05
id_000230,test,NA,0.7,Fair,I,I1,68.6,57,5.46,5.34,3.71
id_000231,train,4072,1.01,Good,F,SI2,63.6,59,6.38,6.34,4.04
id_000232,train,14973,2,Good,J,VS1,62.4,58,8.01,8.08,5.02
id_000233,train,665,0.3,Ideal,H,VVS1,62,56,4.29,4.32,2.67
id_000234,test,NA,0.31,Ideal,F,VS2,61.9,55,4.35,4.31,2.68
id_000235,test,NA,0.35,Ideal,E,SI1,61,57,4.57,4.54,2.78
id_000236,train,1443,0.51,Ideal,E,SI1,62.3,56,5.15,5.12,3.2
id_000237,train,2511,0.71,Ideal,E,SI2,59.5,57,5.87,5.82,3.48
id_000238,test,NA,0.9,Ideal,H,SI2,62.6,57,6.16,6.07,3.83
id_000239,train,8092,1.51,Ideal,J,VS1,62.7,56,7.3,7.35,4.59
id_000240,test,NA,0.4,Ideal,D,VVS2,62.8,56,4.68,4.72,2.95
id_000241,train,565,0.31,Ideal,D,SI1,61.7,55,4.37,4.41,2.71
id_000242,train,5521,1.23,Premium,I,VS2,61.7,58,6.85,6.87,4.23
id_000243,valid,4418,1.15,Very Good,H,SI2,61.4,58,6.7,6.75,4.13
id_000244,train,3385,0.78,Very Good,E,SI1,59.8,57,5.98,6.02,3.59
id_000245,train,2451,0.73,Ideal,I,VVS2,60.1,56,5.88,5.86,3.53
id_000246,train,833,0.37,Ideal,E,SI1,61.9,56,4.6,4.57,2.84
id_000247,test,NA,1.53,Ideal,G,SI2,61.7,57,7.44,7.41,4.58
id_000248,train,1080,0.4,Premium,F,VS2,59.7,58,4.83,4.79,2.87
id_000249,train,2979,0.7,Ideal,E,VS2,61.7,56,5.74,5.71,3.53
id_000250,test,NA,1.01,Premium,E,SI1,59.2,60,6.56,6.51,3.87
id_000251,test,NA,0.7,Premium,J,VS2,61.2,60,5.73,5.7,3.5
id_000252,valid,4102,1.11,Very Good,E,SI2,61.7,63,6.54,6.65,4.07
id_000253,train,544,0.31,Premium,H,VS1,62.4,58,4.32,4.36,2.71
id_000254,train,3755,0.9,Good,D,SI1,64.1,56,6.04,6.07,3.88
id_000255,train,3418,0.93,Good,F,SI2,59.4,61,6.24,6.25,3.71
id_000256,test,NA,2.01,Very Good,H,VS2,63.5,59,7.92,7.86,5.01
id_000257,train,1220,0.51,Very Good,G,SI1,63,53,5.1,5.13,3.22
id_000258,test,NA,0.26,Very Good,H,VVS2,60.5,56,4.13,4.16,2.51
id_000259,train,1242,0.53,Premium,F,SI2,62.5,57,5.17,5.11,3.21
id_000260,valid,4338,1.01,Premium,D,SI2,61.8,57,6.47,6.42,3.98
id_000261,train,3001,0.9,Premium,I,SI2,60.6,60,6.23,6.28,3.79
id_000262,train,3929,1,Ideal,J,SI1,59.2,62,6.47,6.5,3.84
id_000263,train,678,0.24,Ideal,F,VVS2,62.1,56,3.96,3.99,2.46
id_000264,test,NA,0.3,Ideal,H,VS2,62.3,56,4.27,4.3,2.67
id_000265,test,NA,1.1,Premium,E,SI2,60.9,60,6.66,6.61,4.04
id_000266,train,1367,0.55,Ideal,I,SI1,61.3,56,5.29,5.34,3.26
id_000267,train,2230,0.53,Ideal,E,VVS2,62,58,5.16,5.2,3.21
id_000268,train,880,0.34,Ideal,F,VS2,62.9,55,4.48,4.46,2.81
id_000269,test,NA,0.41,Ideal,D,VS1,61.2,57,4.77,4.81,2.93
id_000270,train,526,0.3,Premium,H,VS1,61,58,4.28,4.31,2.62
id_000271,train,3992,0.9,Fair,F,VS2,58.9,67,6.18,6.17,3.64
id_000272,test,NA,0.53,Very Good,H,SI1,61.7,60,5.17,5.21,3.2
id_000273,train,1197,0.39,Ideal,D,VS2,61.4,56,4.71,4.73,2.9
id_000274,valid,665,0.3,Ideal,H,VVS1,61.6,57,4.3,4.34,2.66
id_000275,train,2168,0.52,Ideal,F,VVS2,61.6,57,5.16,5.2,3.19
id_000276,train,572,0.33,Premium,I,SI1,61.4,58,4.5,4.46,2.75
id_000277,train,14294,1.51,Premium,F,VS2,62.5,58,7.36,7.21,4.55
id_000278,test,NA,0.54,Premium,G,VS1,61.6,56,5.26,5.23,3.23
id_000279,valid,2227,0.58,Ideal,F,VS1,60.3,57,5.47,5.44,3.29
id_000280,train,956,0.39,Very Good,G,VVS2,63.4,57,4.65,4.62,2.94
id_000281,train,1028,0.35,Ideal,H,IF,60.9,57,4.58,4.6,2.8
id_000282,test,NA,0.32,Good,D,SI2,63.7,56,4.34,4.33,2.76
id_000283,test,NA,0.56,Premium,G,VS1,61.2,60,5.3,5.26,3.23
id_000284,valid,1115,0.41,Ideal,F,VVS2,62.6,55,4.73,4.76,2.97
id_000285,train,1768,0.55,Ideal,D,VS2,61,56,5.31,5.28,3.23
id_000286,valid,1882,0.51,Ideal,D,VS2,61.8,55,5.16,5.1,3.17
id_000287,train,7633,1.19,Ideal,H,VS2,62,54,6.79,6.83,4.22
id_000288,train,1698,0.55,Premium,D,SI1,60.5,60,5.3,5.27,3.2
id_000289,train,11422,1.25,Ideal,E,VS2,60.7,56,6.97,6.99,4.24
id_000290,train,5294,1.01,Premium,H,VS1,62.7,58,6.39,6.37,4
id_000291,train,5330,1.03,Premium,F,VS2,60.5,59,6.6,6.52,3.97
id_000292,test,NA,1.75,Ideal,H,I1,61.5,55,7.78,7.75,4.78
id_000293,valid,3123,0.82,Ideal,G,SI1,60.7,57,6.07,6.06,3.68
id_000294,test,NA,1.29,Very Good,J,SI2,63.5,57,6.89,6.87,4.37
id_000295,train,3015,0.78,Ideal,H,VVS2,61.7,55,5.9,5.94,3.65
id_000296,train,1432,0.46,Premium,F,VS1,60.5,58,5.02,4.97,3.02
id_000297,train,1331,0.5,Very Good,E,SI1,60.9,58,5.1,5.14,3.12
id_000298,train,7713,1.7,Very Good,J,SI1,59.1,61,7.79,7.85,4.62
id_000299,valid,1693,0.54,Premium,F,SI1,62.3,58,5.26,5.2,3.26
id_000300,valid,13530,1.52,Premium,F,VS2,59.4,60,7.61,7.5,4.49
id_000301,train,3513,1.02,Premium,J,VS2,61.6,58,6.4,6.35,3.93
id_000302,test,NA,0.5,Premium,E,SI1,62.3,58,5.15,5.09,3.19
id_000303,train,478,0.24,Very Good,D,VVS1,59.2,59,4.04,4.1,2.41
id_000304,test,NA,1.02,Premium,D,SI2,61.3,62,6.46,6.42,3.95
id_000305,train,1131,0.3,Ideal,F,IF,60.7,56,4.35,4.38,2.65
id_000306,valid,15543,2.04,Premium,I,SI2,60.2,59,8.28,8.22,4.97
id_000307,test,NA,1.52,Premium,D,SI1,60.2,58,7.49,7.46,4.5
id_000308,test,NA,1.09,Very Good,G,VS1,59.7,63,6.65,6.74,4
id_000309,valid,635,0.38,Premium,D,SI1,59.1,58,4.74,4.77,2.81
id_000310,test,NA,0.41,Ideal,D,VS1,61.1,56,4.8,4.83,2.94
id_000311,train,8315,1.14,Very Good,E,VS1,63.1,59,6.63,6.61,4.18
id_000312,train,1074,0.4,Ideal,E,SI1,62.2,54,4.76,4.72,2.95
id_000313,train,4063,0.97,Fair,F,SI1,56.4,66,6.59,6.54,3.7
id_000314,train,1698,0.56,Ideal,I,VVS1,62,56,5.29,5.26,3.27
id_000315,train,9872,1.13,Ideal,G,VVS1,59.6,57,6.89,6.81,4.08
id_000316,train,3270,0.72,Very Good,E,VS2,59.8,57,5.84,5.89,3.51
id_000317,train,1652,0.59,Ideal,F,SI1,61.7,56,5.36,5.4,3.32
id_000318,test,NA,0.33,Ideal,F,VS2,61.6,56,4.46,4.44,2.74
id_000319,test,NA,0.32,Premium,G,VS2,61.5,58,4.35,4.4,2.69
id_000320,test,NA,0.37,Premium,E,SI1,61.8,58,4.64,4.59,2.85
id_000321,train,2827,0.72,Good,D,VS2,64,54,5.68,5.7,3.64
id_000322,train,1893,0.5,Ideal,D,VS2,61.8,56,5.11,5.14,3.16
id_000323,test,NA,1.01,Good,D,SI1,63.9,61,6.28,6.31,4.02
id_000324,test,NA,0.53,Ideal,D,VS2,61.2,57,5.2,5.26,3.2
id_000325,valid,17650,2.06,Premium,G,SI2,62.7,58,8.12,8.09,5.08
id_000326,valid,2192,0.58,Fair,E,VS1,57.9,56,5.52,5.49,3.19
id_000327,train,7336,1,Premium,F,VS1,62.3,61,6.38,6.33,3.96
id_000328,valid,945,0.35,Ideal,I,IF,62.5,55,4.54,4.52,2.83
id_000329,test,NA,0.7,Ideal,F,VS1,61.5,55,5.73,5.75,3.53
id_000330,train,823,0.37,Ideal,D,SI1,61.1,57,4.63,4.64,2.83
id_000331,valid,802,0.31,Premium,G,VS1,61.8,59,4.35,4.32,2.68
id_000332,train,666,0.33,Ideal,F,VS2,62.3,55,4.42,4.47,2.77
id_000333,train,15585,1.5,Very Good,F,VS1,60.5,55,7.39,7.48,4.5
id_000334,train,3527,0.95,Very Good,E,SI2,58.7,63,6.43,6.37,3.76
id_000335,train,1015,0.41,Premium,D,SI1,62.1,59,4.76,4.74,2.95
id_000336,valid,5037,1.23,Very Good,G,SI2,60.8,59,6.88,6.97,4.21
id_000337,train,13720,1.5,Premium,G,VS1,60.2,58,7.41,7.38,4.45
id_000338,test,NA,1.09,Premium,D,SI2,61.9,61,6.58,6.54,4.06
id_000339,train,674,0.41,Very Good,E,SI1,60,58,4.79,4.88,2.9
id_000340,valid,2844,0.73,Very Good,E,SI1,57.7,61,5.92,5.96,3.43
id_000341,valid,3544,1.06,Ideal,F,I1,61.8,55,6.55,6.58,4.06
id_000342,train,808,0.32,Ideal,E,VVS2,61,55,4.43,4.45,2.71
id_000343,train,6708,1.21,Very Good,F,SI1,59.4,56,6.95,7,4.14
id_000344,train,1313,0.41,Very Good,F,IF,61.6,58,4.75,4.79,2.94
id_000345,train,609,0.31,Ideal,H,VVS2,61.4,55,4.37,4.39,2.69
id_000346,train,4878,1.28,Good,J,SI1,63.4,59,6.84,6.89,4.35
id_000347,train,756,0.36,Premium,G,VS2,62.5,58,4.55,4.51,2.83
id_000348,train,2297,0.57,Ideal,E,VS1,61,56,5.38,5.4,3.29
id_000349,test,NA,1.05,Very Good,G,SI2,62.6,62,6.45,6.49,4.05
id_000350,train,471,0.29,Very Good,G,VS2,61.9,55,4.25,4.28,2.64
id_000351,test,NA,0.93,Ideal,D,SI2,62.5,55,6.2,6.24,3.89
id_000352,train,8743,1.64,Premium,I,SI2,61.3,58,7.62,7.58,4.66
id_000353,train,6270,1.01,Very Good,D,SI1,63.6,59,6.33,6.37,4.04
id_000354,train,530,0.23,Very Good,E,VVS1,62.1,58,3.9,3.93,2.43
id_000355,valid,2075,0.61,Premium,F,VS2,59.6,61,5.58,5.5,3.3
id_000356,train,2333,0.54,Ideal,F,VVS2,61.2,55,5.27,5.25,3.22
id_000357,train,683,0.31,Ideal,D,VS1,60.5,55,4.39,4.43,2.67
id_000358,train,2544,0.61,Ideal,G,VVS1,62.7,58,5.39,5.43,3.39
id_000359,train,11817,1.51,Premium,F,SI1,61.4,58,7.43,7.35,4.54
id_000360,train,4724,0.9,Ideal,F,SI1,61.3,56,6.21,6.23,3.81
id_000361,valid,872,0.35,Ideal,F,VVS2,61.2,56,4.56,4.58,2.8
id_000362,test,NA,0.56,Very Good,F,SI1,63.3,56,5.26,5.22,3.32
id_000363,train,625,0.31,Very Good,H,VVS2,62.4,58,4.28,4.31,2.68
id_000364,test,NA,0.41,Ideal,F,VVS2,62.5,56,4.75,4.72,2.96
id_000365,test,NA,0.6,Premium,E,VS1,61,61,5.46,5.39,3.31
id_000366,train,1063,0.35,Ideal,E,VS1,61.9,56,4.53,4.51,2.8
id_000367,valid,2873,0.76,Ideal,E,SI2,62.8,56,5.78,5.82,3.64
id_000368,test,NA,0.58,Ideal,D,SI1,61.1,57,5.36,5.41,3.29
id_000369,test,NA,0.39,Premium,E,VS2,61.3,61,4.7,4.66,2.87
id_000370,train,2537,0.7,Ideal,E,SI1,62.8,56,5.69,5.72,3.58
id_000371,valid,591,0.27,Very Good,F,VVS2,60.8,59,4.17,4.19,2.54
id_000372,train,9987,1.5,Very Good,H,SI1,61,55,7.35,7.44,4.51
id_000373,test,NA,1.51,Premium,F,VS2,62.2,60,7.25,7.34,4.54
id_000374,valid,5386,1.11,Ideal,H,SI1,62.7,56,6.65,6.59,4.15
id_000375,train,5101,1.05,Ideal,I,VS1,61.5,55,6.56,6.61,4.05
id_000376,train,7190,1.2,Ideal,H,VS2,60.8,55,6.9,6.85,4.18
id_000377,train,10553,1.51,Fair,G,VS2,58.1,67,7.59,7.49,4.38
id_000378,train,4871,1.09,Very Good,H,SI1,63.2,57,6.57,6.54,4.14
id_000379,valid,844,0.3,Premium,E,VS2,62,58,4.29,4.26,2.65
id_000380,valid,684,0.3,Very Good,G,VVS2,63,57,4.28,4.32,2.71
id_000381,valid,1569,0.51,Premium,D,SI1,60.1,60,5.15,5.17,3.1
id_000382,train,859,0.46,Very Good,F,SI2,61.6,55,4.98,5.02,3.08
id_000383,train,4799,1.07,Ideal,E,SI2,61.2,56,6.63,6.66,4.07
id_000384,valid,756,0.36,Premium,E,SI1,62.2,59,4.57,4.53,2.83
id_000385,train,5408,1.13,Very Good,D,SI2,62.3,60,6.59,6.7,4.14
id_000386,train,1427,0.53,Ideal,I,VS1,62.3,56,5.19,5.23,3.24
id_000387,test,NA,0.54,Premium,E,SI1,62.2,58,5.26,5.23,3.26
id_000388,valid,2376,0.6,Premium,H,VS1,60.8,59,5.49,5.43,3.32
id_000389,valid,670,0.3,Ideal,D,VS2,61.3,56,4.32,4.36,2.66
id_000390,train,600,0.36,Premium,F,SI1,61.6,60,4.54,4.61,2.82
id_000391,test,NA,0.42,Ideal,I,VVS1,60.2,57,4.85,4.88,2.93
id_000392,train,6540,1.01,Very Good,F,VS2,63.2,59,6.3,6.36,4
id_000393,train,1292,0.57,Ideal,H,SI1,61.3,54,5.34,5.39,3.29
id_000394,train,4661,0.94,Very Good,E,SI1,61.8,56,6.29,6.33,3.9
id_000395,test,NA,1.03,Ideal,F,VVS2,61.1,57,6.51,6.54,3.99
id_000396,train,645,0.32,Ideal,H,VVS2,61.8,55,4.38,4.42,2.72
id_000397,train,1013,0.3,Very Good,G,VVS1,63.1,58,4.31,4.28,2.71
id_000398,train,5570,1.09,Very Good,F,SI1,62.3,57,6.55,6.61,4.1
id_000399,train,9784,1.56,Good,F,SI2,57.5,58,7.82,7.67,4.45
id_000400,test,NA,0.51,Premium,G,VS1,62.2,58,5.11,5.09,3.17
id_000401,valid,769,0.26,Ideal,F,VVS1,61.6,57,4.1,4.08,2.52
id_000402,valid,16687,2.39,Premium,H,SI1,60.6,58,8.65,8.58,5.22
id_000403,train,2652,0.75,Ideal,E,SI1,61.5,56,5.88,5.84,3.6
id_000404,train,8205,1.53,Premium,J,VS1,62.8,59,7.34,7.31,4.6
id_000405,valid,2334,0.89,Fair,I,VS1,68.2,65,5.82,5.74,3.94
id_000406,test,NA,0.34,Ideal,E,SI1,61.4,55,4.54,4.48,2.77
id_000407,train,1753,0.53,Premium,F,VS2,61.9,58,5.2,5.17,3.21
id_000408,train,802,0.31,Very Good,G,VS1,63.3,56,4.33,4.29,2.73
id_000409,train,3236,0.72,Ideal,D,VS2,60.9,55,5.77,5.89,3.55
id_000410,valid,4679,1,Fair,F,SI1,56.5,60,6.62,6.66,3.75
id_000411,train,4965,1.01,Premium,H,SI1,61.8,59,6.41,6.37,3.95
id_000412,valid,5350,1.02,Fair,E,VS2,66.6,57,6.09,6.14,4.07
id_000413,train,587,0.31,Ideal,G,VS1,60.6,58,4.39,4.42,2.67
id_000414,train,1218,0.57,Good,H,SI1,63.1,54,5.28,5.3,3.34
id_000415,train,7957,1.51,Good,I,SI2,63.6,60,7.27,7.23,4.61
id_000416,test,NA,1.51,Very Good,E,SI1,63.5,57,7.28,7.23,4.61
id_000417,train,3726,1.21,Good,E,I1,63.3,63,6.67,6.72,4.24
id_000418,train,2752,0.72,Ideal,H,VVS2,62.3,56,5.74,5.81,3.6
id_000419,train,4877,1.11,Good,D,SI2,60.1,63,6.68,6.7,4.02
id_000420,train,1629,0.5,Ideal,E,VS2,62.5,57,5.1,5.04,3.17
id_000421,test,NA,0.8,Ideal,D,SI2,61.9,54,6,5.95,3.7
id_000422,test,NA,0.41,Good,F,VS2,63.2,57,4.74,4.76,3
id_000423,test,NA,0.3,Premium,H,VVS2,62.9,57,4.31,4.28,2.7
id_000424,train,696,0.33,Very Good,D,VS1,60.1,59,4.46,4.49,2.69
id_000425,train,9833,1.51,Good,E,SI2,63.2,56,7.26,7.32,4.61
id_000426,test,NA,0.86,Very Good,G,SI1,62.9,55,6.04,6.08,3.81
id_000427,train,5861,1.01,Very Good,F,SI1,62.4,59,6.37,6.42,3.99
id_000428,test,NA,1.2,Ideal,G,SI1,60.5,56,6.84,6.87,4.15
id_000429,train,960,0.32,Ideal,E,VS2,60.2,57,4.51,4.46,2.7
id_000430,train,4271,1.01,Very Good,G,SI1,63.5,60,6.41,6.38,3.92
id_000431,test,NA,0.3,Ideal,D,VS2,61.6,57,4.3,4.33,2.66
id_000432,valid,5125,1.09,Ideal,H,SI1,62.3,55,6.58,6.61,4.11
id_000433,train,1065,0.63,Ideal,J,SI2,61.4,54,5.54,5.56,3.41
id_000434,train,814,0.3,Ideal,F,VVS1,61.5,58,4.3,4.32,2.65
id_000435,train,4229,0.93,Ideal,E,SI1,62.8,56,6.24,6.19,3.9
id_000436,train,17203,1.5,Premium,F,VVS2,58.8,58,7.51,7.43,4.39
id_000437,train,8403,1.01,Very Good,E,VS1,60.4,60,6.43,6.48,3.9
id_000438,train,12787,1.5,Ideal,G,VS2,62.5,55,7.26,7.23,4.53
id_000439,valid,741,0.32,Ideal,F,VVS2,62.1,56,4.4,4.46,2.75
id_000440,test,NA,0.79,Very Good,G,SI2,63.4,60,5.83,5.77,3.68
id_000441,train,2241,0.63,Very Good,G,VS1,59.9,57,5.57,5.62,3.35
id_000442,train,1709,0.54,Ideal,H,VS1,61.8,56,5.21,5.25,3.23
id_000443,test,NA,0.57,Ideal,D,VVS1,61.6,56,5.33,5.35,3.29
id_000444,valid,4205,1.01,Fair,D,SI2,65.3,55,6.33,6.19,4.09
id_000445,train,1273,0.55,Ideal,E,SI2,62,56,5.27,5.22,3.25
id_000446,test,NA,0.29,Very Good,G,VS1,58.1,59,4.39,4.42,2.56
id_000447,valid,3596,0.84,Very Good,G,VS2,61.8,57,6.04,6.07,3.74
id_000448,train,7358,1.31,Premium,G,SI1,62.2,56,7.02,6.97,4.35
id_000449,train,573,0.42,Very Good,G,SI2,59.5,61,4.85,4.9,2.9
id_000450,train,706,0.35,Ideal,H,VVS2,62.5,57,4.48,4.54,2.82
id_000451,test,NA,0.5,Ideal,D,VS1,61.9,55,5.09,5.12,3.16
id_000452,valid,3603,0.83,Very Good,F,VS1,63.3,56,5.99,5.92,3.77
id_000453,train,5254,1,Good,H,VS2,60.9,61,6.38,6.42,3.9
id_000454,valid,9901,1.16,Ideal,G,IF,62.3,55,6.73,6.79,4.21
id_000455,train,3581,0.78,Ideal,H,VVS2,62.1,56,5.88,5.9,3.66
id_000456,train,827,0.41,Very Good,H,VS1,62,56,4.74,4.78,2.95
id_000457,test,NA,1.51,Premium,G,SI2,62.7,57,7.33,7.29,4.58
id_000458,train,668,0.24,Premium,E,VVS1,60.6,59,4.02,4,2.43
id_000459,valid,1665,0.55,Ideal,E,VS2,61.5,57,5.25,5.29,3.24
id_000460,valid,2263,0.7,Very Good,E,SI2,62,59,5.61,5.68,3.5
id_000461,valid,9533,1.5,Ideal,I,VS1,60.5,56,7.38,7.46,4.49
id_000462,train,1778,0.46,Very Good,D,VVS1,62.2,56,4.94,4.97,3.08
id_000463,train,6108,1.01,Very Good,G,VS2,63.1,60,6.36,6.31,4
id_000464,train,12608,1.36,Ideal,F,VVS2,61.6,56,7.17,7.08,4.39
id_000465,valid,844,0.3,Ideal,E,VS2,61.8,55,4.35,4.33,2.68
id_000466,train,651,0.3,Ideal,D,VS1,62.2,56,4.27,4.31,2.67
id_000467,test,NA,0.57,Premium,E,SI1,61.4,58,5.28,5.34,3.26
id_000468,train,9542,1.42,Good,F,VS2,63.7,57,7.08,6.99,4.48
id_000469,train,520,0.3,Premium,D,SI1,62.5,59,4.26,4.22,2.65
id_000470,train,1412,0.59,Premium,F,SI1,61.7,60,5.37,5.39,3.32
id_000471,train,1614,0.5,Ideal,E,VS2,61.4,55,5.12,5.14,3.15
id_000472,train,6377,1,Ideal,G,VS2,62.4,59,6.36,6.4,3.98
id_000473,test,NA,0.3,Ideal,E,VS2,61.7,55,4.32,4.3,2.66
id_000474,train,3535,0.84,Very Good,G,VS2,62,56,6.07,6.09,3.77
id_000475,test,NA,0.63,Very Good,F,VS1,59.2,57,5.56,5.66,3.32
id_000476,train,2386,0.71,Ideal,G,SI1,61.4,57,5.76,5.71,3.52
id_000477,train,9875,1.57,Premium,D,SI2,62.9,61,7.41,7.37,4.65
id_000478,test,NA,0.52,Ideal,E,VS2,61.4,54,5.23,5.2,3.2
id_000479,train,4565,1.09,Ideal,J,SI1,61.4,55,6.61,6.67,4.08
id_000480,train,4238,1.02,Premium,F,SI2,62,59,6.42,6.33,3.95
id_000481,train,452,0.31,Ideal,I,VS2,61.6,57,4.36,4.4,2.7
id_000482,train,3192,0.76,Premium,E,VS2,60.1,59,6.01,5.97,3.6
id_000483,train,907,0.31,Ideal,G,VVS2,62.7,57,4.34,4.31,2.71
id_000484,valid,631,0.33,Ideal,D,SI2,62.4,56,4.44,4.41,2.76
id_000485,train,2240,0.7,Ideal,I,VS2,62.1,54.6,5.68,5.72,3.54
id_000486,train,552,0.3,Good,D,SI1,63.4,56,4.26,4.29,2.71
id_000487,valid,1819,0.57,Premium,G,VS1,61,57,5.4,5.35,3.28
id_000488,train,2060,0.64,Very Good,G,VS1,60.4,62,5.54,5.58,3.36
id_000489,train,5291,1.02,Very Good,G,SI1,61.3,56,6.43,6.53,3.97
id_000490,train,6121,1.22,Premium,I,VS1,61.1,58,6.91,6.84,4.2
id_000491,test,NA,0.32,Good,G,VS2,63.3,54,4.36,4.39,2.77
id_000492,test,NA,0.31,Premium,G,VVS1,62.1,59,4.35,4.32,2.69
id_000493,valid,1152,0.52,Ideal,I,VS2,62.3,54,5.17,5.2,3.23
id_000494,valid,2310,0.7,Ideal,G,SI1,61.9,58,5.69,5.72,3.53
id_000495,train,1896,0.6,Very Good,D,SI1,62.2,56,5.4,5.44,3.37
id_000496,valid,1970,0.51,Very Good,E,VS1,61.8,54.7,5.12,5.15,31.8
id_000497,test,NA,1.05,Premium,F,SI2,62.8,55,6.55,6.48,4.09
id_000498,test,NA,0.72,Ideal,G,VS2,61.5,55,5.76,5.79,3.55
id_000499,train,3429,0.8,Good,F,VS2,63.2,55,5.88,5.9,3.72
id_000500,train,4092,1.11,Ideal,J,SI2,61.7,57,6.63,6.69,4.11
id_000501,valid,1547,0.97,Fair,G,I1,57.2,60,6.59,6.36,3.72
id_000502,test,NA,0.35,Premium,H,SI1,62.4,58,4.47,4.54,2.81
id_000503,valid,727,0.36,Premium,D,VS2,60.3,58,4.63,4.66,2.8
id_000504,train,2940,0.75,Ideal,E,VS2,61.6,57,5.84,5.81,3.59
id_000505,train,3246,0.9,Premium,I,VS2,62.8,61,6.12,6.02,3.81
id_000506,valid,2583,0.74,Ideal,F,SI1,62.2,54,5.79,5.85,3.62
id_000507,train,13605,1.7,Ideal,G,VS1,62.9,57,7.59,7.52,4.75
id_000508,train,720,0.32,Premium,G,VS2,60.7,58,4.42,4.38,2.67
id_000509,test,NA,0.3,Ideal,G,VS1,61.5,56,4.34,4.28,2.65
id_000510,valid,3015,0.81,Ideal,E,SI2,61,56,5.99,6.05,3.67
id_000511,train,5469,1.02,Premium,H,VS1,62.1,59,6.38,6.43,3.98
id_000512,test,NA,2.01,Good,I,SI2,56.9,59,8.41,8.3,4.74
id_000513,train,4195,1.01,Good,G,SI1,63.6,58,6.29,6.35,4.02
id_000514,train,3898,0.78,Very Good,E,VS1,61.5,60,5.86,5.92,3.62
id_000515,train,1975,0.55,Ideal,E,VS1,62.2,55,5.22,5.26,3.26
id_000516,train,4336,1.01,Ideal,I,SI2,62.5,57,6.38,6.45,4.01
id_000517,train,4661,0.94,Premium,E,SI1,60,58,6.37,6.44,3.84
id_000518,test,NA,1.09,Premium,G,VVS2,59.5,61,6.74,6.7,4
id_000519,train,4404,1.51,Premium,H,I1,60.9,56,7.38,7.26,4.46
id_000520,test,NA,1,Premium,G,SI2,61.8,59,6.38,6.33,3.93
id_000521,valid,3145,0.7,Ideal,G,SI1,61.6,55,5.71,5.76,3.53
id_000522,train,5996,1.21,Ideal,F,SI2,61.8,57,6.82,6.87,4.23
id_000523,train,1619,0.51,Ideal,F,VS2,62.8,57,5.1,5.06,3.19
id_000524,train,702,0.32,Ideal,E,VS2,62.2,55,4.37,4.38,2.72
id_000525,valid,1623,0.51,Ideal,D,VS2,61.8,54,5.12,5.17,3.18
id_000526,test,NA,1.5,Premium,J,VS2,59.6,60,7.38,7.31,4.38
id_000527,train,465,0.23,Very Good,E,VVS2,58,60,4.04,4.07,2.35
id_000528,train,954,0.41,Very Good,E,VS1,62.2,58,4.74,4.78,2.96
id_000529,valid,3767,0.76,Premium,E,VVS2,60.6,59,5.94,5.85,3.57
id_000530,train,410,0.3,Premium,H,SI2,60.2,62,4.37,4.34,2.62
id_000531,train,4742,1.26,Ideal,J,SI2,62.5,53,6.9,6.86,4.3
id_000532,test,NA,0.32,Premium,H,SI1,62.6,55,4.38,4.37,2.74
id_000533,valid,863,0.34,Ideal,G,VVS1,61.7,56,4.5,4.55,2.79
id_000534,train,842,0.32,Very Good,G,VVS1,61.9,58,4.36,4.39,2.71
id_000535,train,2789,0.76,Premium,E,SI1,60.4,58,5.92,5.94,3.58
id_000536,valid,919,0.43,Ideal,E,SI2,61.9,57,4.86,4.83,3
id_000537,train,2830,0.53,Ideal,F,VVS1,60.9,57,5.23,5.29,3.19
id_000538,train,1427,0.56,Ideal,H,VS2,61.7,54,5.31,5.33,3.28
id_000539,test,NA,0.34,Ideal,H,SI1,61.4,55,4.51,4.55,2.78
id_000540,train,814,0.32,Premium,E,VVS1,60.8,59,4.43,4.45,2.7
id_000541,valid,1690,0.5,Good,G,VVS2,61.2,63.3,5.06,5.08,3.1
id_000542,valid,2800,0.76,Fair,G,VS1,59,70,5.89,5.8,3.46
id_000543,train,2933,0.73,Premium,F,VS2,59.9,58,5.84,5.87,3.51
id_000544,train,871,0.31,Ideal,E,VS1,61.6,55,4.37,4.39,2.7
id_000545,test,NA,0.7,Very Good,I,VS1,61.4,57,5.71,5.74,3.52
id_000546,valid,2499,0.55,Very Good,E,VVS2,60.6,56,5.33,5.36,3.24
id_000547,test,NA,0.63,Ideal,H,SI2,61.7,55,5.51,5.56,3.41
id_000548,train,1750,0.51,Very Good,G,VVS2,62.9,57,5.06,5.12,3.2
id_000549,train,4240,1.04,Premium,E,SI2,61.6,59,6.57,6.55,4.04
id_000550,test,NA,0.29,Very Good,H,SI2,60.7,60,4.33,4.37,2.64
id_000551,train,14334,1.51,Premium,F,VS2,61.9,59,7.31,7.39,4.55
id_000552,valid,854,0.33,Ideal,G,VS1,62.4,56,4.45,4.43,2.77
id_000553,train,511,0.31,Ideal,G,VS2,62.1,54,4.34,4.36,2.7
id_000554,test,NA,0.73,Very Good,J,VS2,62.7,57,5.71,5.74,3.59
id_000555,train,1308,0.53,Ideal,G,SI1,62.7,55,5.15,5.19,3.24
id_000556,train,1069,0.37,Premium,D,VVS1,61.4,58,4.63,4.65,2.85
id_000557,train,736,0.33,Ideal,D,SI1,60.9,56,4.46,4.5,2.73
id_000558,train,3906,1.01,Very Good,J,SI2,62.8,59,6.34,6.37,3.99
id_000559,train,10685,1.59,Very Good,D,SI2,59.9,59,7.6,7.52,4.53
id_000560,train,3170,0.74,Ideal,F,VS1,62.3,57,5.79,5.77,3.6
id_000561,test,NA,1.07,Ideal,E,SI2,62.4,57,6.55,6.52,4.08
id_000562,train,1641,0.58,Ideal,G,VS2,61.1,55,5.45,5.42,3.32
id_000563,test,NA,1.12,Ideal,G,VVS2,62.5,56,6.59,6.66,4.14
id_000564,train,524,0.32,Premium,E,SI1,61.2,58,4.37,4.42,2.69
id_000565,train,1410,0.5,Good,G,VS2,63.2,57,4.99,5.04,3.17
id_000566,valid,1769,0.53,Ideal,E,SI1,60.9,57,5.21,5.24,3.18
id_000567,train,11059,2.02,Premium,I,VS2,61.2,60,8.22,8.13,5
id_000568,train,6399,1.25,Very Good,G,SI2,61.4,59,6.97,6.93,4.27
id_000569,valid,505,0.36,Ideal,G,SI2,62.3,54,4.57,4.61,2.86
id_000570,test,NA,0.3,Very Good,H,VVS1,63.4,55,4.3,4.28,2.72
id_000571,train,617,0.42,Good,D,SI2,60.7,61,4.78,4.84,2.92
id_000572,train,6623,1.08,Very Good,H,VVS1,63.1,57,6.57,6.52,4.13
id_000573,valid,2973,0.7,Good,E,VS1,59.8,62,5.74,5.8,3.45
id_000574,train,605,0.3,Very Good,G,VS1,62.9,58,4.27,4.32,2.7
id_000575,valid,6600,1,Premium,E,VS2,60,60,6.43,6.43,3.89
id_000576,test,NA,1.01,Ideal,I,VS1,62.5,59,6.33,6.41,3.98
id_000577,train,4088,1,Very Good,F,SI1,63.2,54,6.3,6.23,3.96
id_000578,train,1195,0.35,Ideal,E,VVS1,62.1,57,4.52,4.55,2.81
id_000579,train,1095,0.32,Premium,E,IF,61.6,58,4.38,4.39,2.7
id_000580,train,2394,0.7,Good,E,VS2,64.2,60,5.58,5.64,3.6
id_000581,train,13853,1.5,Premium,F,VS2,60.9,60,7.42,7.35,4.5
id_000582,test,NA,0.41,Very Good,H,VVS2,61.3,54,4.75,4.87,2.95
id_000583,train,765,0.34,Ideal,H,VS1,62.3,55,4.48,4.45,2.78
id_000584,train,1621,0.42,Ideal,D,VVS1,61.6,56,4.82,4.79,2.96
id_000585,train,3465,0.71,Very Good,D,VS1,62.9,56,5.65,5.7,3.57
id_000586,train,490,0.34,Good,H,SI1,63.3,56,4.45,4.46,2.82
id_000587,train,1632,0.51,Ideal,G,VS1,60.2,56,5.18,5.24,3.14
id_000588,train,508,0.26,Ideal,H,VVS2,62.5,54,4.11,4.14,2.58
id_000589,valid,9467,1.51,Premium,I,VS1,62.3,60,7.28,7.32,4.55
id_000590,train,4816,1,Premium,G,SI1,60.8,58,6.48,6.45,3.93
id_000591,train,394,0.3,Very Good,F,SI2,62.6,61,4.2,4.24,2.64
id_000592,test,NA,0.7,Good,I,VS2,57.1,61,5.9,5.93,3.38
id_000593,test,NA,0.42,Premium,F,VS1,59.8,57,4.89,4.85,2.91
id_000594,valid,726,0.36,Ideal,G,VS1,61.6,56,4.56,4.59,2.82
id_000595,train,2879,0.72,Ideal,F,VS1,62,56,5.76,5.73,3.56
id_000596,test,NA,0.33,Very Good,I,SI1,63.2,58,4.38,4.36,2.76
id_000597,train,1401,0.58,Very Good,F,SI1,59.9,58,5.35,5.4,3.22
id_000598,valid,14744,2.3,Ideal,G,SI2,61.4,57,8.51,8.48,5.22
id_000599,test,NA,1.21,Premium,H,VS2,60.5,60,6.95,6.9,4.19
id_000600,valid,702,0.32,Very Good,E,VS2,60.5,55,4.43,4.49,2.7
id_000601,train,5438,0.9,Premium,E,VS1,59.4,59,6.31,6.28,3.74
id_000602,valid,698,0.31,Ideal,G,VS2,61.7,57,4.36,4.33,2.68
id_000603,train,1021,0.33,Ideal,F,VVS1,61.8,57,4.46,4.44,2.75
id_000604,train,776,0.3,Premium,G,VS1,62.8,58,4.28,4.26,2.68
id_000605,test,NA,0.31,Ideal,F,IF,61.4,56,4.37,4.42,2.7
id_000606,valid,4856,1.23,Premium,J,VS2,62.7,58,6.81,6.77,4.26
id_000607,valid,1986,0.71,Very Good,J,SI2,60.9,55,5.76,5.87,3.54
id_000608,test,NA,0.73,Ideal,H,VS2,62.7,55,5.72,5.76,3.6
id_000609,train,1640,0.51,Very Good,E,VS2,61.8,58,5.13,5.07,3.15
id_000610,valid,7079,1.01,Very Good,F,VS1,62.5,60,6.36,6.41,3.99
id_000611,train,1637,0.57,Very Good,F,VS2,62,54,5.31,5.34,3.3
id_000612,train,462,0.31,Premium,G,SI1,61.8,60,4.32,4.35,2.68
id_000613,train,544,0.31,Premium,G,VS2,59.8,60,4.4,4.43,2.64
id_000614,test,NA,0.3,Good,H,VVS2,63.7,55,4.27,4.24,2.71
id_000615,valid,2682,0.76,Ideal,D,SI2,62.2,57,5.83,5.85,3.63
id_000616,test,NA,0.5,Very Good,F,SI2,62.9,57,5.02,5.06,3.17
id_000617,train,2161,0.7,Ideal,F,SI1,61.2,56,5.72,5.78,3.52
id_000618,test,NA,1.72,Good,F,SI1,63.2,61,7.57,7.62,4.8
id_000619,test,NA,0.9,Very Good,E,VVS2,62,55,6.08,6.17,3.8
id_000620,train,4255,0.9,Very Good,H,VS2,60,56,6.3,6.34,3.79
id_000621,test,NA,0.31,Good,D,SI2,63.6,54,4.34,4.31,2.75
id_000622,train,7659,1.34,Ideal,H,SI1,62.4,54,7.05,7.08,4.41
id_000623,valid,5152,1.15,Ideal,J,VS1,61.5,55,6.81,6.76,4.17
id_000624,valid,698,0.31,Ideal,H,VS1,62.2,57,4.37,4.34,2.71
id_000625,test,NA,0.38,Ideal,E,IF,61.1,56,4.67,4.72,2.87
id_000626,train,4093,1.02,Good,H,SI1,57.1,61,6.57,6.66,3.78
id_000627,train,4895,1.05,Very Good,I,VS2,63.2,56,6.47,6.51,4.1
id_000628,train,2845,0.7,Very Good,E,VS2,61.8,59,5.65,5.68,3.5
id_000629,train,749,0.31,Ideal,F,VS2,60.8,57,4.41,4.38,2.67
id_000630,train,5055,0.91,Premium,E,VS2,62.3,58,6.21,6.15,3.85
id_000631,train,1639,0.54,Ideal,H,VVS2,61.6,56,5.24,5.27,3.24
id_000632,train,725,0.3,Very Good,G,VS1,63.5,58,4.26,4.21,2.69
id_000633,test,NA,1.01,Premium,F,VS1,61.2,59,6.48,6.42,3.95
id_000634,train,8429,1.31,Ideal,H,VS1,61.5,55,7.02,7.05,4.33
id_000635,train,5152,1,Premium,F,SI1,62.1,59,6.39,6.36,3.96
id_000636,test,NA,0.46,Premium,E,VS1,61.7,59,4.93,4.96,3.05
id_000637,train,924,0.31,Premium,G,IF,61.4,59,4.34,4.39,2.68
id_000638,train,1046,0.31,Very Good,G,VVS1,63.5,57,4.33,4.3,2.74
id_000639,train,1389,0.52,Very Good,E,SI1,62.8,56,5.13,5.15,3.23
id_000640,valid,1753,0.53,Ideal,D,SI1,62,55,5.24,5.22,3.24
id_000641,test,NA,0.4,Ideal,E,SI1,62.2,54,4.74,4.78,2.96
id_000642,train,1989,0.72,Very Good,J,SI1,63,58,5.67,5.7,3.58
id_000643,train,763,0.37,Ideal,D,VS2,61.1,54,4.63,4.66,2.84
id_000644,train,13133,2.01,Premium,J,SI2,60.8,57.2,8.13,8.15,4.95
id_000645,train,8902,1.21,Good,E,VS1,61.7,58,6.73,6.78,4.17
id_000646,valid,3299,1.01,Very Good,I,SI2,61.5,62,6.37,6.41,3.93
id_000647,train,2010,0.7,Very Good,G,SI1,61.7,57,5.65,5.8,3.53
id_000648,train,14127,1.79,Premium,G,SI1,60.5,58,7.88,7.83,4.75
id_000649,train,10169,1.2,Premium,G,IF,59.4,61,6.95,6.92,4.12
id_000650,valid,4849,1.09,Very Good,H,SI1,61.7,59,6.53,6.59,4.05
id_000651,valid,792,0.43,Very Good,H,VS2,61.9,55,4.8,4.95,3.02
id_000652,train,9384,1.5,Very Good,G,SI2,63.1,57,7.29,7.25,4.59
id_000653,train,1257,0.4,Ideal,G,IF,61.1,56,4.76,4.79,2.92
id_000654,train,450,0.25,Ideal,I,VS2,62,57,4.02,4.06,2.5
id_000655,valid,6279,1.29,Premium,I,VS2,62.2,57,7.01,6.97,4.35
id_000656,train,874,0.37,Good,D,SI1,63.7,55,4.59,4.55,2.91
id_000657,test,NA,0.75,Premium,D,SI1,59.2,58,5.96,5.93,3.52
id_000658,train,1433,0.43,Very Good,E,VVS1,61.9,56,4.81,4.85,2.99
id_000659,train,431,0.23,Very Good,G,VVS2,62.6,54,3.91,3.95,2.46
id_000660,train,5544,1.32,Ideal,I,SI1,61.7,56,7.11,7.05,4.37
id_000661,train,8910,1,Very Good,E,VVS2,63.5,55,6.36,6.31,4.02
id_000662,valid,10523,1.56,Very Good,I,VS1,58.2,59,7.65,7.7,4.47
id_000663,train,8596,1.2,Ideal,G,VS1,62.3,56,6.82,6.77,4.23
id_000664,valid,2212,0.7,Very Good,G,VS1,62.9,59,5.56,5.63,3.52
id_000665,train,4782,1.22,Good,H,SI2,61.5,64,6.93,6.87,4.25
id_000666,valid,716,0.32,Ideal,F,VS1,61.6,57,4.39,4.42,2.71
id_000667,train,3931,0.9,Fair,F,VS2,64.7,54,6.09,6.03,3.92
id_000668,train,17118,2.01,Very Good,E,SI2,60.6,59,8.11,8.25,4.96
id_000669,train,10333,1.56,Ideal,I,VS2,61.8,56,7.41,7.45,4.59
id_000670,train,2063,0.52,Ideal,G,VVS1,61.6,55,5.14,5.18,3.18
id_000671,valid,3368,0.9,Very Good,F,SI2,62.6,56,6.13,6.17,3.85
id_000672,test,NA,0.54,Ideal,D,VVS1,61.2,57,5.25,5.27,3.22
id_000673,train,787,0.28,Ideal,E,VVS2,60.8,55,4.26,4.29,2.6
id_000674,train,984,0.35,Ideal,E,VS2,62,55,4.54,4.52,2.81
id_000675,train,2539,0.96,Fair,G,SI2,66.8,61,6.15,6.04,4.07
id_000676,train,758,0.32,Ideal,D,VS2,62.7,57,4.4,4.44,2.77
id_000677,train,8436,1.2,Very Good,F,VS2,61.1,59,6.81,6.87,4.18
id_000678,train,730,0.34,Ideal,D,VS2,60.8,57,4.52,4.56,2.76
id_000679,train,8454,1.03,Ideal,G,VVS1,62.4,57,6.39,6.47,4.01
id_000680,valid,15152,1.51,Fair,D,VS2,66,57,7.17,7.08,4.7
id_000681,train,868,0.3,Ideal,F,VVS1,62.1,55,4.31,4.32,2.68
id_000682,test,NA,0.54,Very Good,D,SI1,62.1,58,5.21,5.23,3.24
id_000683,test,NA,0.28,Ideal,H,VVS2,61.2,55,4.18,4.22,2.57
id_000684,test,NA,0.3,Ideal,D,SI1,61.4,55,4.29,4.34,2.65
id_000685,train,8572,1.57,Premium,G,SI2,61.1,61,7.46,7.43,4.55
id_000686,valid,3931,0.9,Ideal,G,SI1,61.6,57,6.24,6.17,3.82
id_000687,train,4435,1,Good,E,SI1,63.1,64,6.31,6.25,3.96
id_000688,valid,6659,1.53,Fair,J,VS2,64.7,58,7.24,7.22,4.68
id_000689,train,1053,0.51,Premium,G,SI1,62,59,5.12,5.1,3.17
id_000690,train,720,0.32,Premium,G,VS2,62,59,4.41,4.37,2.72
id_000691,train,863,0.41,Ideal,F,VS2,61.8,56,4.76,4.79,2.95
id_000692,train,1436,0.5,Premium,F,VS2,60.9,58,5.1,5.14,3.12
id_000693,train,7942,1.42,Ideal,J,VS2,61.7,56,7.22,7.27,4.47
id_000694,train,3625,0.83,Premium,E,VS2,61.3,59,6.08,6.02,3.71
id_000695,train,8797,1.01,Very Good,E,VVS2,63.4,57,6.45,6.33,4.05
id_000696,valid,7162,1.51,Premium,I,SI2,62.6,59,7.28,7.31,4.57
id_000697,test,NA,0.51,Premium,F,SI1,59.4,60,5.19,5.21,3.09
id_000698,train,12931,1.73,Premium,H,SI1,61.8,57,7.77,7.64,4.76
id_000699,valid,489,0.31,Good,I,VS1,63.9,56,4.28,4.3,2.74
id_000700,train,435,0.31,Premium,I,VS2,62.3,60,4.31,4.32,2.69
id_000701,train,8480,1.34,Premium,E,VS2,58.2,60,7.26,7.21,4.21
id_000702,train,1655,0.57,Ideal,H,VS2,61.6,57,5.35,5.37,3.3
id_000703,train,2671,0.7,Ideal,F,VS2,61.8,54,5.68,5.71,3.52
id_000704,test,NA,0.41,Very Good,I,VVS1,63.5,58,4.7,4.75,3
id_000705,train,776,0.3,Ideal,G,VS1,62.8,57,4.29,4.25,2.68
id_000706,train,2064,0.63,Premium,E,VS1,61.8,60,5.51,5.49,3.4
id_000707,train,743,0.33,Premium,H,VS1,61.9,58,4.45,4.43,2.75
id_000708,train,9677,1.44,Good,G,VS1,63.6,58,7.01,6.96,4.44
id_000709,train,1994,0.59,Ideal,E,SI1,61.6,55,5.41,5.43,3.34
id_000710,test,NA,1.01,Ideal,F,VS1,60.7,57,6.52,6.49,3.95
id_000711,train,4588,1.01,Premium,G,SI1,62.5,60,6.34,6.39,3.98
id_000712,train,2300,0.71,Premium,I,VS2,59.3,59,5.89,5.81,3.47
id_000713,test,NA,1.1,Very Good,I,SI2,62.6,59,6.53,6.57,4.1
id_000714,train,911,0.3,Premium,D,VS2,61.9,58,4.32,4.28,2.66
id_000715,train,12081,1.22,Ideal,G,VVS1,61.5,56,6.86,6.9,4.23
id_000716,train,723,0.33,Ideal,E,VS2,61.1,56,4.45,4.48,2.73
id_000717,train,6230,0.9,Ideal,E,VS1,61.7,56,6.19,6.22,3.83
id_000718,train,4203,1.2,Premium,D,SI2,60.2,60,6.94,6.81,4.14
id_000719,train,2700,0.91,Good,I,SI1,64.2,59,6.05,5.98,3.86
id_000720,valid,9979,1.32,Premium,G,VS1,60.6,57,7.14,7.09,4.31
id_000721,train,5217,1.23,Very Good,J,VS2,62.9,58,6.75,6.83,4.27
id_000722,train,2642,0.72,Ideal,H,VS1,61.6,59,5.75,5.78,3.55
id_000723,train,9343,1.51,Very Good,I,VS1,63,59,7.28,7.3,4.59
id_000724,train,1712,0.56,Good,F,VS1,63.2,61,5.2,5.28,3.3
id_000725,valid,972,0.32,Premium,D,VS2,62,57,4.42,4.38,2.73
id_000726,train,4116,0.92,Good,H,VS1,62.3,63,6.18,6.3,3.88
id_000727,test,NA,0.51,Premium,G,VS1,62.1,58,5.12,5.09,3.17
id_000728,test,NA,0.7,Fair,H,SI1,65.3,55,5.58,5.54,3.63
id_000729,valid,553,0.24,Premium,E,VVS1,60.7,58,4.01,4.03,2.44
id_000730,train,2192,0.57,Ideal,E,VS1,61.8,55,5.34,5.39,3.32
id_000731,train,6048,1,Premium,G,VS2,63,58,6.4,6.33,4.01
id_000732,train,4067,0.91,Good,F,SI1,58,57,6.36,6.47,3.72
id_000733,train,2906,0.74,Good,E,SI1,62.8,61,5.74,5.76,3.61
id_000734,train,11102,1.51,Fair,E,SI1,58.4,70,7.55,7.39,4.36
id_000735,test,NA,0.53,Very Good,E,VVS2,62.3,55,5.18,5.22,3.23
id_000736,test,NA,0.7,Good,I,SI1,58.2,61,5.8,5.84,3.39
id_000737,train,1081,0.44,Ideal,D,VS2,60.4,56,4.91,4.95,2.98
id_000738,train,4678,0.9,Ideal,F,VS2,62.7,56,6.17,6.2,3.88
id_000739,test,NA,0.23,Very Good,G,VVS1,61.5,56,3.92,3.96,2.42
id_000740,valid,1683,0.58,Ideal,E,VS2,61.7,57,5.35,5.42,3.32
id_000741,test,NA,0.31,Ideal,F,IF,62.3,54,4.33,4.37,2.71
id_000742,train,2494,0.71,Very Good,G,VS1,63.3,56,5.67,5.64,3.58
id_000743,train,9290,1.52,Very Good,I,SI1,59.9,60,7.46,7.49,4.48
id_000744,valid,5229,1.01,Very Good,E,SI1,62.4,58,6.36,6.4,3.99
id_000745,test,NA,0.42,Ideal,D,SI1,61.9,56,4.82,4.84,2.99
id_000746,train,1871,0.55,Ideal,F,VS2,62.1,55,5.27,5.25,3.26
id_000747,train,5872,1.07,Ideal,D,SI1,61.8,55,6.59,6.54,4.06
id_000748,valid,2039,0.7,Very Good,F,SI2,59.6,61,5.8,5.88,3.48
id_000749,test,NA,0.71,Premium,E,SI1,62.7,56,5.71,5.64,3.56
id_000750,train,7915,1.51,Very Good,D,SI2,63.2,59,7.25,7.18,4.56
id_000751,train,574,0.3,Premium,D,SI2,60.9,58,4.32,4.29,2.62
id_000752,train,1574,0.51,Premium,D,SI1,62.7,59,5.08,5.06,3.18
id_000753,train,543,0.23,Ideal,E,VS2,62.6,57,3.92,3.88,2.44
id_000754,train,16392,2.03,Very Good,I,SI1,62.3,60,8.01,8.07,5.01
id_000755,test,NA,0.9,Fair,D,SI1,64.5,61,6.05,6.01,3.89
id_000756,valid,1957,0.52,Ideal,G,VVS2,61.4,55.3,5.18,5.21,3.19
id_000757,train,2386,0.81,Ideal,I,SI2,61.7,59,5.92,6,3.68
id_000758,test,NA,0.71,Ideal,F,SI2,62.1,54,5.72,5.74,3.56
id_000759,train,786,0.32,Ideal,G,VVS1,61.8,56,4.39,4.41,2.72
id_000760,train,7751,1.04,Very Good,E,VS1,63,55,6.45,6.5,4.08
id_000761,valid,8517,1.5,Good,D,SI2,62.4,61,7.23,7.36,4.55
id_000762,train,675,0.3,Premium,G,VS2,60.8,61,4.34,4.31,2.63
id_000763,valid,1015,0.41,Ideal,D,SI1,62.2,57,4.76,4.7,2.94
id_000764,train,919,0.43,Premium,H,SI1,61.5,58,4.86,4.8,2.97
id_000765,train,1278,0.4,Ideal,E,VVS1,60.8,57,4.79,4.82,2.92
id_000766,train,6004,1.01,Good,E,VS2,65.4,56,6.18,6.23,4.06
id_000767,train,1073,0.52,Good,H,SI1,63.6,62,5.11,5.04,3.23
id_000768,valid,2839,0.73,Ideal,G,VS2,61.8,54,5.8,5.82,3.59
id_000769,train,2101,0.66,Good,G,VS2,58.1,59.9,5.68,5.72,3.31
id_000770,test,NA,0.33,Ideal,H,SI1,63,56,4.42,4.41,2.78
id_000771,train,7850,1.33,Ideal,H,VS2,62.6,57,7.02,6.98,4.38
id_000772,test,NA,1.02,Premium,D,VS2,59.8,61,6.61,6.54,3.93
id_000773,test,NA,0.7,Fair,H,VS2,57,58,5.87,5.89,3.35
id_000774,train,2054,0.73,Ideal,J,VS2,62.8,55,5.69,5.72,3.58
id_000775,valid,15306,1.02,Very Good,D,IF,62.7,57,6.36,6.46,4.02
id_000776,test,NA,0.7,Premium,E,SI1,59.1,62,5.8,5.74,3.41
id_000777,train,2777,0.7,Premium,E,SI1,60.5,58,5.77,5.74,3.48
id_000778,train,3998,1.01,Very Good,J,SI1,62.8,57,6.37,6.41,4.01
id_000779,train,9513,1.51,Very Good,I,VS1,63.1,53,7.34,7.25,4.6
id_000780,train,4542,0.98,Very Good,G,SI2,62.2,57,6.33,6.37,3.95
id_000781,train,564,0.26,Very Good,E,VVS2,61.7,61,4.08,4.12,2.53
id_000782,train,6143,1.12,Ideal,I,SI1,60.3,57,6.74,6.79,4.08
id_000783,train,4977,1.29,Very Good,F,SI2,63.4,57,6.92,6.77,4.35
id_000784,valid,3461,1.01,Premium,G,SI2,61.5,58,6.51,6.44,3.98
id_000785,train,9397,1.21,Ideal,F,VS2,61.3,56,6.86,6.91,4.22
id_000786,train,2290,0.7,Fair,G,VS1,65.2,57,5.56,5.52,3.61
id_000787,train,4536,1.08,Ideal,H,SI2,60.4,57,6.68,6.63,4.02
id_000788,train,5412,1.26,Ideal,D,SI2,61.6,56,6.99,6.95,4.3
id_000789,train,8736,1.5,Ideal,G,SI2,62,57,7.31,7.26,4.52
id_000790,train,5416,1.01,Premium,H,VS1,61.1,58,6.45,6.48,3.95
id_000791,train,1424,0.58,Very Good,E,SI1,61.5,58,5.31,5.36,3.28
id_000792,train,1814,0.72,Very Good,J,VS2,63.2,60,5.77,5.7,3.63
id_000793,train,3489,0.77,Good,D,VS2,63.1,57,5.83,5.86,3.69
id_000794,train,863,0.3,Very Good,D,VS1,62,55,4.31,4.35,2.68
id_000795,train,3920,1,Premium,J,SI1,58.7,58,6.55,6.51,3.83
id_000796,valid,5692,1.21,Ideal,H,SI2,62.1,55,6.87,6.82,4.25
id_000797,valid,2631,0.75,Premium,G,SI1,60.9,58,5.87,5.83,3.56
id_000798,train,852,0.33,Ideal,E,VVS1,62.6,58,4.36,4.4,2.74
id_000799,train,1125,0.5,Premium,F,SI1,59.6,61,5.15,5.12,3.06
id_000800,train,394,0.21,Premium,E,SI2,61.9,56,3.84,3.82,2.37
id_000801,train,878,0.3,Very Good,G,VVS2,63.5,56,4.34,4.29,2.74
id_000802,test,NA,0.71,Very Good,G,VS2,64.5,57,5.56,5.6,3.6
id_000803,train,1262,0.48,Good,G,VS1,57.8,60.9,5.12,5.19,2.97
id_000804,train,4284,1.02,Very Good,H,SI2,63.1,59,6.43,6.37,4.04
id_000805,test,NA,1.16,Premium,I,SI1,61.5,57,6.79,6.73,4.16
id_000806,train,2055,0.66,Good,G,VS1,59,62,5.66,5.72,3.35
id_000807,train,4314,1.07,Very Good,E,SI1,60.4,63,6.67,6.6,4.01
id_000808,valid,9714,1.76,Ideal,I,SI2,61.2,55,7.79,7.76,4.76
id_000809,train,1666,0.72,Very Good,J,SI1,62.7,56,5.66,5.72,3.57
id_000810,train,2398,0.7,Ideal,I,VS1,62.1,57,5.69,5.71,3.54
id_000811,train,13286,2.02,Good,I,SI1,64.3,56,7.85,7.99,5.09
id_000812,train,1356,0.41,Ideal,F,VVS1,62.3,57,4.77,4.73,2.96
id_000813,train,1156,0.58,Fair,D,SI2,65.1,58,5.25,5.22,3.41
id_000814,train,5006,1.01,Premium,G,SI1,61.3,59,6.48,6.44,3.96
id_000815,train,524,0.26,Good,F,VVS1,64,57,4.03,4.06,2.59
id_000816,valid,6307,1.03,Premium,F,VS2,62.4,58,6.47,6.42,4.02
id_000817,valid,921,0.42,Very Good,G,VS1,60.6,58,4.82,4.95,2.96
id_000818,train,1292,0.59,Ideal,H,SI2,61.9,55,5.37,5.39,3.33
id_000819,train,612,0.41,Very Good,F,SI2,62.6,54,4.75,4.77,2.98
id_000820,test,NA,1.5,Good,J,VS1,63.3,57,7.2,7.24,4.57
id_000821,valid,5396,1,Premium,E,SI1,60.5,59,6.45,6.4,3.89
id_000822,train,5247,1,Very Good,H,SI1,62.1,58,6.44,6.45,4
id_000823,train,802,0.31,Ideal,F,VS2,62.3,55,4.38,4.35,2.72
id_000824,train,3750,1.01,Premium,G,SI2,62.9,57,6.39,6.33,4
id_000825,train,1134,0.55,Premium,E,SI2,58.4,61,5.37,5.31,3.12
id_000826,train,2095,0.79,Very Good,I,SI1,63.3,57,5.86,5.83,3.7
id_000827,train,4690,1.01,Very Good,D,SI2,60.1,60,6.41,6.47,3.87
id_000828,test,NA,0.73,Premium,F,SI1,61.7,58,5.74,5.7,3.53
id_000829,test,NA,0.51,Very Good,F,SI2,62.7,56,5.07,5.1,3.19
id_000830,valid,4788,1,Premium,H,SI1,62.1,56,6.48,6.38,3.99
id_000831,train,850,0.44,Very Good,D,VS2,62.8,58,4.79,4.86,3.03
id_000832,train,3620,0.73,Ideal,E,VS1,61.2,57,5.85,5.8,3.57
id_000833,train,3942,1.12,Premium,E,I1,61,59,6.7,6.74,4.1
id_000834,valid,7015,1.04,Ideal,F,VS1,61.4,57,6.51,6.56,4.01
id_000835,train,3774,1.04,Premium,I,SI2,62,57,6.53,6.47,4.03
id_000836,valid,10641,1.02,Very Good,E,VVS1,60.2,60,6.39,6.54,3.89
id_000837,test,NA,1.01,Premium,H,SI1,62.8,58,6.43,6.34,4.01
id_000838,valid,2113,0.54,Very Good,D,VS2,60.7,57,5.24,5.29,3.2
id_000839,train,11574,1.55,Ideal,I,VS2,61.8,55,7.4,7.44,4.58
id_000840,valid,5600,1,Good,G,VS2,63.4,61,6.23,6.29,3.97
id_000841,train,9037,1.58,Very Good,G,SI2,60,53,7.59,7.64,4.57
id_000842,valid,4114,0.7,Ideal,F,VVS2,61.2,56,5.73,5.78,3.52
id_000843,valid,5759,1.35,Very Good,J,VS1,62.1,56,7.04,7.1,4.39
id_000844,train,3838,0.71,Ideal,D,VS2,61,56,5.76,5.81,3.53
id_000845,test,NA,1.04,Ideal,E,VVS2,61,57,6.61,6.57,4.02
id_000846,train,879,0.31,Ideal,D,VS2,59.4,57,4.5,4.45,2.66
id_000847,test,NA,0.33,Ideal,E,VS2,60.8,57,4.45,4.47,2.71
id_000848,train,4270,1.01,Very Good,E,SI2,63.3,57,6.39,6.31,4.02
id_000849,valid,8912,1.14,Very Good,F,VVS2,63.3,56,6.56,6.71,4.2
id_000850,valid,1881,0.55,Premium,E,VS2,61.5,56,5.28,5.25,3.24
id_000851,train,1041,0.37,Premium,E,VS2,58.9,61,4.68,4.66,2.75
id_000852,train,2106,0.6,Premium,D,SI1,62.8,61,5.41,5.33,3.37
id_000853,test,NA,1.52,Good,H,SI1,63.8,60,7.24,7.3,4.64
id_000854,valid,805,0.31,Ideal,D,VVS2,61.2,59,4.37,4.39,2.68
id_000855,train,10389,1.27,Premium,G,VVS2,61,58,7.01,6.96,4.26
id_000856,train,10977,1.54,Premium,H,VS2,61,60,7.42,7.46,4.54
id_000857,train,11379,1.52,Ideal,H,VS2,61.8,54,7.42,7.43,4.59
id_000858,valid,1173,0.57,Very Good,I,SI1,61.8,57,5.31,5.34,3.29
id_000859,valid,928,0.33,Ideal,E,VS2,62.1,56,4.46,4.43,2.76
id_000860,train,3148,0.77,Ideal,G,VS1,62.2,56,5.9,5.85,3.66
id_000861,train,18729,1.51,Ideal,E,VS1,61.5,57,7.34,7.4,4.53
id_000862,train,4591,1.06,Ideal,I,SI2,62.7,58,6.48,6.5,4.07
id_000863,train,5174,1.01,Very Good,F,SI1,61,57,6.44,6.54,3.96
id_000864,test,NA,0.3,Very Good,E,VS2,60.7,63,4.32,4.35,2.63
id_000865,train,6002,2.03,Fair,H,I1,64.4,59,7.91,7.85,5.07
id_000866,train,2998,0.85,Fair,G,VS1,57.7,67,6.26,6.19,3.59
id_000867,train,648,0.32,Premium,H,VS2,62.5,59,4.38,4.33,2.72
id_000868,test,NA,0.5,Fair,E,SI2,58,67,5.26,5.17,3.02
id_000869,train,1608,0.56,Ideal,E,VS1,62.7,56,5.26,5.3,3.31
id_000870,valid,3293,0.8,Ideal,F,SI1,60.1,60,5.98,6.03,3.61
id_000871,train,566,0.34,Premium,F,SI1,59.8,58,4.53,4.57,2.72
id_000872,train,1061,0.41,Premium,G,VS2,60.9,58,4.83,4.8,2.93
id_000873,valid,1625,0.52,Ideal,F,VS2,61.2,56,5.19,5.37,3.2
id_000874,train,507,0.31,Ideal,I,VS1,62.4,53,4.33,4.36,2.71
id_000875,train,767,0.31,Ideal,E,VVS2,61.9,54,4.38,4.41,2.72
id_000876,test,NA,1.07,Ideal,E,VVS2,61.7,57,6.61,6.55,4.06
id_000877,test,NA,1.01,Ideal,G,SI1,61.5,56,6.52,6.46,3.99
id_000878,train,7764,1.52,Premium,H,SI2,62,58,7.37,7.34,4.56
id_000879,train,477,0.32,Good,D,SI2,63.4,56,4.36,4.38,2.77
id_000880,train,4321,0.9,Premium,H,VS2,60.4,59,6.24,6.27,3.78
id_000881,valid,619,0.32,Very Good,D,SI1,60.1,60,4.38,4.4,2.64
id_000882,test,NA,0.42,Ideal,F,SI1,60.9,55,4.88,4.84,2.96
id_000883,train,5460,1.5,Fair,D,I1,64.7,62,7.19,7.04,4.6
id_000884,train,473,0.3,Very Good,H,VS2,63,59,4.25,4.29,2.69
id_000885,train,2012,0.52,Ideal,G,VVS2,61.7,56,5.16,5.14,3.18
id_000886,valid,4637,1.21,Fair,G,SI1,64.5,56,6.69,6.62,4.29
id_000887,train,828,0.32,Premium,G,VS1,62.1,56,4.43,4.4,2.74
id_000888,train,790,0.34,Ideal,E,VS1,61.6,55,4.5,4.52,2.78
id_000889,train,1608,0.57,Very Good,G,VS2,62.6,55,5.26,5.31,3.31
id_000890,test,NA,0.5,Fair,F,I1,69.8,55,4.89,4.8,3.38
id_000891,train,606,0.35,Ideal,I,SI1,61.3,54,4.56,4.51,2.78
id_000892,train,3774,0.9,Premium,G,SI1,62.9,58,6.11,6.02,3.82
id_000893,train,1806,0.5,Good,G,VVS2,63.8,56,5.06,5.03,3.22
id_000894,valid,7385,1.57,Ideal,I,SI2,62.8,57,7.39,7.36,4.63
id_000895,test,NA,0.35,Premium,E,VS2,61.9,61,4.54,4.5,2.8
id_000896,train,2317,0.71,Premium,F,SI1,61.1,62,5.76,5.72,3.51
id_000897,test,NA,0.28,Very Good,G,VS2,62,56,4.16,4.19,2.59
id_000898,train,746,0.39,Premium,G,SI2,62.7,54,4.71,4.64,2.93
id_000899,valid,1406,0.37,Ideal,F,VVS1,59.2,57,4.75,4.71,2.8
id_000900,train,5247,1.2,Very Good,F,SI2,62.2,62,6.7,6.77,4.19
id_000901,train,2574,0.74,Very Good,E,SI2,61,57,5.83,5.88,3.57
id_000902,train,645,0.32,Ideal,G,VS1,61.2,56,4.42,4.44,2.71
id_000903,train,576,0.32,Premium,I,VS2,61.1,57,4.42,4.39,2.69
id_000904,train,942,0.31,Ideal,E,VVS1,60.5,57,4.38,4.41,2.66
id_000905,train,4542,1.27,Good,J,SI2,66,59,6.71,6.75,4.44
id_000906,train,4082,0.9,Premium,H,VS2,61.8,56,6.25,6.18,3.84
id_000907,valid,790,0.39,Very Good,G,VS1,60.3,59,4.71,4.77,2.86
id_000908,valid,4666,1.24,Premium,E,SI2,60.5,62,6.97,6.89,4.19
id_000909,train,841,0.41,Ideal,D,SI2,62.6,57,4.77,4.72,2.97
id_000910,test,NA,1.21,Very Good,H,VS2,62.9,55,6.75,6.8,4.26
id_000911,test,NA,0.31,Premium,E,SI2,60.9,60,4.35,4.38,2.66
id_000912,train,605,0.32,Ideal,I,VS1,62.1,57,4.42,4.37,2.73
id_000913,valid,2475,0.7,Ideal,E,SI2,62.1,56,5.68,5.65,3.52
id_000914,valid,3590,1.08,Very Good,F,SI2,63.1,59,6.51,6.46,4.09
id_000915,valid,4208,1.01,Very Good,H,VS2,63.1,62,6.18,6.15,3.89
id_000916,train,891,0.31,Ideal,G,IF,62.6,53,4.36,4.39,2.74
id_000917,train,4571,1.06,Premium,G,SI2,61.9,60,6.53,6.52,4.04
id_000918,train,675,0.3,Premium,H,VS1,62.2,60,4.29,4.23,2.65
id_000919,train,729,0.36,Premium,I,VS1,60.3,60,4.64,4.58,2.78
id_000920,test,NA,0.25,Ideal,F,VS1,62.1,57,4.01,4.04,2.5
id_000921,valid,4916,1,Good,E,SI1,60.4,61,6.37,6.44,3.87
id_000922,train,13619,2.01,Premium,J,VS2,60.4,59,8.1,8.15,4.91
id_000923,train,505,0.23,Very Good,E,VVS2,61.3,57,3.97,4.02,2.45
id_000924,train,9555,1.53,Premium,J,VVS1,61.6,59,7.39,7.35,4.54
id_000925,train,2497,0.75,Good,E,SI2,59.7,62,5.85,5.88,3.5
id_000926,train,1040,0.44,Premium,H,VS2,61.3,58,4.91,4.88,3
id_000927,train,891,0.33,Ideal,I,IF,61.8,55,4.47,4.46,2.76
id_000928,valid,449,0.32,Ideal,E,SI2,62.7,55,4.39,4.42,2.76
id_000929,train,473,0.3,Ideal,H,VS2,60.7,57,4.33,4.37,2.64
id_000930,train,4504,1,Good,F,SI1,62.5,57,6.28,6.39,3.96
id_000931,train,923,0.41,Ideal,G,SI1,62.6,54,4.78,4.74,2.98
id_000932,train,421,0.3,Very Good,H,SI1,61.6,62,4.24,4.3,2.63
id_000933,train,6808,1.05,Very Good,F,VS2,62.8,57,6.45,6.48,4.06
id_000934,valid,1659,0.53,Ideal,G,VS1,62.4,54,5.18,5.21,3.24
id_000935,test,NA,0.4,Very Good,E,SI1,62.2,56,4.71,4.74,2.94
id_000936,test,NA,0.7,Good,H,SI1,63.7,59,5.59,5.53,3.54
id_000937,test,NA,1.05,Very Good,G,SI1,59.1,57,6.63,6.73,3.95
id_000938,test,NA,0.74,Good,J,VS2,60.6,62.6,5.79,5.85,3.53
id_000939,valid,16003,2.01,Good,I,VS2,63.6,57,7.87,7.95,5.03
id_000940,valid,3372,0.76,Ideal,G,VS1,61.6,56,5.82,5.87,3.6
id_000941,train,3831,0.8,Very Good,E,VS1,63.2,54,5.88,5.93,3.73
id_000942,test,NA,0.33,Very Good,F,VS2,61.2,58,4.45,4.5,2.74
id_000943,train,3212,0.76,Ideal,G,SI1,61.2,57,5.85,5.9,3.59
id_000944,valid,886,0.3,Ideal,F,IF,62.1,55,4.31,4.35,2.69
id_000945,train,534,0.32,Ideal,H,VS2,61.7,56,4.39,4.42,2.72
id_000946,train,4704,1.5,Fair,I,I1,69.7,56,6.94,6.9,4.82
id_000947,train,15797,1.7,Premium,G,VS2,59,58,7.8,7.85,4.62
id_000948,test,NA,1.02,Premium,G,SI1,61,59,6.48,6.44,3.94
id_000949,train,855,0.39,Premium,G,VS1,62.6,58,4.66,4.7,2.93
id_000950,train,631,0.3,Very Good,G,VVS2,60.3,57,4.35,4.36,2.63
id_000951,train,7802,1.72,Ideal,E,I1,62.2,55,7.7,7.67,4.78
id_000952,test,NA,0.43,Ideal,G,IF,61.9,53,4.87,4.88,3.02
id_000953,train,7191,1.2,Very Good,D,SI1,60.7,58,6.81,6.86,4.15
id_000954,train,1402,0.58,Very Good,H,SI1,62.5,58,5.29,5.31,3.31
id_000955,test,NA,1.53,Premium,H,VVS2,60.4,60,7.46,7.41,4.49
id_000956,train,5364,1.03,Premium,H,VS2,62.6,56,6.43,6.38,4.01
id_000957,train,666,0.38,Ideal,G,SI1,62.4,57,4.62,4.65,2.89
id_000958,train,8216,1.4,Fair,F,VS2,66.5,56,6.83,6.76,4.52
id_000959,train,367,0.2,Premium,E,VS2,59.7,62,3.84,3.8,2.28
id_000960,test,NA,0.7,Very Good,E,SI2,63.5,54,5.69,5.64,3.6
id_000961,train,11780,2.01,Very Good,H,SI2,63.4,60,7.97,7.89,5.03
id_000962,train,1049,0.4,Very Good,F,VVS2,62,56,4.71,4.74,2.93
id_000963,train,891,0.31,Ideal,G,IF,61.3,57,4.39,4.42,2.7
id_000964,valid,13333,1.5,Premium,F,VS2,62.4,57,7.38,7.29,4.58
id_000965,test,NA,1.28,Ideal,G,IF,60.8,57,7.02,7.05,4.28
id_000966,train,6715,1.26,Ideal,H,SI1,61,56,7,7.04,4.28
id_000967,train,2313,0.54,Premium,E,VVS2,61,59,5.28,5.27,3.22
id_000968,test,NA,0.27,Very Good,E,VS2,63.1,57,4.07,4.11,2.58
id_000969,test,NA,1.03,Fair,I,SI2,65.2,56,6.42,6.35,4.16
id_000970,train,14386,1.5,Premium,E,VS2,60.7,60,7.41,7.32,4.47
id_000971,valid,3638,0.91,Very Good,E,SI2,60.3,59,6.28,6.25,3.78
id_000972,train,978,0.45,Ideal,J,VVS1,61.9,56,4.93,4.95,3.06
id_000973,train,3476,0.74,Very Good,D,VS2,59.8,58,5.9,5.94,3.54
id_000974,train,9344,1.51,Premium,I,SI1,61.7,60,7.31,7.27,4.5
id_000975,valid,3446,0.81,Ideal,H,SI1,61.4,56,6,6.05,3.7
id_000976,train,5906,1,Good,G,VS1,64.4,58,6.23,6.29,4.03
id_000977,train,470,0.27,Very Good,F,VS2,63.3,58,4.08,4.1,2.59
id_000978,train,2125,0.59,Ideal,G,VVS2,62.7,56,5.33,5.36,3.35
id_000979,valid,1052,0.33,Ideal,G,IF,61.6,55,4.51,4.48,2.77
id_000980,train,5562,1.2,Ideal,G,SI2,58.9,60,6.98,6.94,4.1
id_000981,train,3422,0.9,Good,E,SI2,61.9,62,6.14,6.18,3.81
id_000982,train,2112,0.71,Fair,H,SI1,65.1,56,5.63,5.55,3.64
id_000983,train,2128,0.54,Very Good,G,IF,62.5,58,5.19,5.27,3.27
id_000984,test,NA,1.25,Very Good,H,VS2,63.3,57,6.87,6.82,4.33
id_000985,train,9788,1.24,Ideal,G,VVS2,61.2,56,6.92,6.88,4.22
id_000986,train,432,0.32,Ideal,I,SI1,60.7,57,4.42,4.47,2.7
id_000987,valid,2406,0.7,Premium,H,VVS1,60.9,60,5.76,5.71,3.49
id_000988,train,4759,1.03,Ideal,H,SI1,61,55,6.56,6.59,4.01
id_000989,test,NA,1,Very Good,F,SI1,58.1,63,6.45,6.36,3.72
id_000990,train,12989,1.16,Ideal,D,VVS2,62,55,6.68,6.72,4.19
id_000991,test,NA,0.51,Ideal,F,VVS1,61.4,56,5.15,5.17,3.17
id_000992,train,2893,0.71,Very Good,F,VS1,62.6,55,5.66,5.71,3.56
id_000993,train,580,0.32,Ideal,H,VS1,61,56,4.43,4.45,2.71
id_000994,train,992,0.42,Premium,E,SI1,62.7,57,4.83,4.77,3.01
id_000995,train,687,0.4,Good,F,SI1,63.6,56,4.63,4.68,2.96
id_000996,valid,992,0.42,Premium,F,SI1,60.8,58,4.87,4.83,2.95
id_000997,train,7370,1.52,Good,J,VS2,63.5,58,7.24,7.28,4.61
id_000998,valid,4853,1.09,Very Good,F,SI2,63.2,58,6.54,6.49,4.12
id_000999,test,NA,1.68,Premium,F,SI1,60.7,62,7.72,7.66,4.67
id_001000,test,NA,0.34,Ideal,F,SI2,60.1,56,4.55,4.54,2.73
