obs_id,train_id,class
id_002931,train,1
id_000445,test,NA
id_000403,train,0
id_003311,train,1
id_002623,train,1
id_002198,train,1
id_001464,valid,0
id_000925,test,NA
id_002638,train,1
id_003232,train,1
id_003296,train,1
id_001548,train,0
id_000971,train,0
id_003497,train,1
id_003281,train,1
id_003854,valid,1
id_002950,test,NA
id_001441,train,0
id_003125,test,NA
id_001086,train,0
id_000788,train,0
id_000015,test,NA
id_000567,train,0
id_003471,train,1
id_000383,train,0
id_003905,test,NA
id_000086,train,0
id_001913,train,0
id_003697,train,1
id_001239,valid,0
id_000686,train,0
id_001914,valid,0
id_001875,test,NA
id_001849,valid,0
id_003636,train,1
id_002412,train,1
id_002678,train,1
id_002590,test,NA
id_001450,test,NA
id_001167,train,0
id_003229,valid,1
id_000716,train,0
id_003550,test,NA
id_000202,train,0
id_001631,train,0
id_003418,train,1
id_001576,train,0
id_001567,train,0
id_003021,train,1
id_001286,train,0
id_001336,train,0
id_000104,valid,0
id_002289,valid,1
id_001100,test,NA
id_000880,test,NA
id_003621,train,1
id_000656,train,0
id_002339,valid,1
id_000536,train,0
id_001565,test,NA
id_001550,test,NA
id_001871,train,0
id_003635,test,NA
id_003362,train,1
id_000789,valid,0
id_003084,valid,1
id_003256,train,1
id_003662,train,1
id_000244,valid,0
id_001959,valid,0
id_000955,test,NA
id_001456,train,0
id_002513,train,1
id_002139,valid,1
id_000477,train,0
id_003869,valid,1
id_002908,train,1
id_000751,train,0
id_002286,train,1
id_002704,valid,1
id_000631,train,0
id_002038,train,1
id_003365,test,NA
id_001155,test,NA
id_001646,train,0
id_001018,train,0
id_003023,train,1
id_001930,test,NA
id_000102,train,0
id_001942,train,0
id_000553,train,0
id_001795,test,NA
id_003014,valid,1
id_003196,train,1
id_002620,test,NA
id_002265,test,NA
id_000485,test,NA
id_000377,train,0
id_000236,train,0
id_000781,train,0
id_001436,train,0
id_000369,valid,0
id_000721,train,0
id_002556,train,1
id_000996,train,0
id_003401,train,1
id_002990,test,NA
id_003185,test,NA
id_003429,valid,1
id_003106,train,1
id_003396,train,1
id_000012,train,0
id_002466,train,1
id_003728,train,1
id_001431,train,0
id_001178,train,0
id_002310,test,NA
id_000715,test,NA
id_003730,test,NA
id_002290,test,NA
id_003822,train,1
id_003313,train,1
id_003861,train,1
id_000035,test,NA
id_003133,train,1
id_000304,valid,0
id_003085,test,NA
id_003616,train,1
id_000529,valid,0
id_002550,test,NA
id_003855,test,NA
id_001905,test,NA
id_000961,train,0
id_003258,train,1
id_001164,valid,0
id_002880,test,NA
id_003573,train,1
id_003321,train,1
id_003003,train,1
id_002821,train,1
id_000599,valid,0
id_002202,train,1
id_002749,valid,1
id_000288,train,0
id_003640,test,NA
id_003928,train,1
id_003811,train,1
id_001851,train,0
id_003834,valid,1
id_003919,valid,1
id_001429,valid,0
id_001713,train,0
id_002434,valid,1
id_001191,train,0
id_002961,train,1
id_001589,valid,0
id_000210,test,NA
id_002183,train,1
id_002149,valid,1
id_003625,test,NA
id_002686,train,1
id_000298,train,0
id_000224,valid,0
id_003808,train,1
id_002766,train,1
id_002314,valid,1
id_003065,test,NA
id_002046,train,1
id_003135,test,NA
id_001807,train,0
id_002612,train,1
id_002329,valid,1
id_000468,train,0
id_001132,train,0
id_000926,train,0
id_001262,train,0
id_002172,train,1
id_000376,train,0
id_002794,valid,1
id_002654,valid,1
id_002533,train,1
id_002281,train,1
id_002017,train,1
id_003562,train,1
id_000052,train,0
id_001073,train,0
id_001753,train,0
id_002042,train,1
id_002945,test,NA
id_002029,valid,1
id_003914,valid,1
id_000776,train,0
id_002622,train,1
id_003667,train,1
id_001521,train,0
id_001371,train,0
id_002197,train,1
id_001637,train,0
id_002340,test,NA
id_003420,test,NA
id_001838,train,0
id_003544,valid,1
id_003690,test,NA
id_000713,train,0
id_002718,train,1
id_001432,train,0
id_003064,valid,1
id_002731,train,1
id_002535,test,NA
id_003241,train,1
id_001169,valid,0
id_003609,valid,1
id_002936,train,1
id_003866,train,1
id_002752,train,1
id_003753,train,1
id_002920,test,NA
id_002642,train,1
id_002508,train,1
id_000299,valid,0
id_000977,train,0
id_002663,train,1
id_002913,train,1
id_002432,train,1
id_002956,train,1
id_003121,train,1
id_000543,train,0
id_003220,test,NA
id_000266,train,0
id_002965,test,NA
id_000219,valid,0
id_000088,train,0
id_003376,train,1
id_003749,valid,1
id_002278,train,1
id_000845,test,NA
id_000558,train,0
id_002793,train,1
id_003211,train,1
id_002634,valid,1
id_001702,train,0
id_000112,train,0
id_003261,train,1
id_001053,train,0
id_003352,train,1
id_001996,train,0
id_000336,train,0
id_002987,train,1
id_000070,test,NA
id_003331,train,1
id_001529,valid,0
id_001743,train,0
id_001718,train,0
id_001785,test,NA
id_001943,train,0
id_003837,train,1
id_002389,valid,1
id_003524,valid,1
id_000922,train,0
id_000772,train,0
id_002431,train,1
id_003015,test,NA
id_001435,test,NA
id_002532,train,1
id_003435,test,NA
id_002529,valid,1
id_001583,train,0
id_000783,train,0
id_001660,test,NA
id_000125,test,NA
id_000020,test,NA
id_002676,train,1
id_002365,test,NA
id_003840,test,NA
id_003821,train,1
id_003702,train,1
id_003732,train,1
id_003790,test,NA
id_001975,test,NA
id_003120,test,NA
id_001383,train,0
id_003127,train,1
id_003303,train,1
id_001808,train,0
id_002485,test,NA
id_003535,test,NA
id_003476,train,1
id_003574,valid,1
id_001857,train,0
id_001708,train,0
id_000846,train,0
id_000563,train,0
id_002023,train,1
id_003985,test,NA
id_003963,train,1
id_001109,valid,0
id_000397,train,0
id_002207,train,1
id_001327,train,0
id_001929,valid,0
id_003071,train,1
id_002130,test,NA
id_002959,valid,1
id_002192,train,1
id_002618,train,1
id_002465,test,NA
id_000018,train,0
id_003873,train,1
id_000438,train,0
id_001192,train,0
id_002324,valid,1
id_001958,train,0
id_002304,valid,1
id_002374,valid,1
id_003425,test,NA
id_002113,train,1
id_000034,valid,0
id_003571,train,1
id_001729,valid,0
id_003639,valid,1
id_000820,test,NA
id_001607,train,0
id_000765,test,NA
id_000688,train,0
id_001470,test,NA
id_002555,test,NA
id_000379,valid,0
id_000654,valid,0
id_002232,train,1
id_002639,valid,1
id_000756,train,0
id_002614,valid,1
id_003816,train,1
id_001778,train,0
id_003747,train,1
id_000330,test,NA
id_000172,train,0
id_001023,train,0
id_002133,train,1
id_000524,valid,0
id_000386,train,0
id_003518,train,1
id_001927,train,0
id_000141,train,0
id_001878,train,0
id_000859,valid,0
id_002725,test,NA
id_003971,train,1
id_003778,train,1
id_002649,valid,1
id_002992,train,1
id_003293,train,1
id_000913,train,0
id_001626,train,0
id_002116,train,1
id_001188,train,0
id_001342,train,0
id_003042,train,1
id_001865,test,NA
id_000901,train,0
id_000398,train,0
id_003341,train,1
id_000561,train,0
id_003358,train,1
id_000595,test,NA
id_000008,train,0
id_000979,valid,0
id_003590,test,NA
id_003115,test,NA
id_000633,train,0
id_003927,train,1
id_002554,valid,1
id_000048,train,0
id_002450,test,NA
id_002010,test,NA
id_001481,train,0
id_003361,train,1
id_000787,train,0
id_001111,train,0
id_002653,train,1
id_003533,train,1
id_002953,train,1
id_003715,test,NA
id_002252,train,1
id_003176,train,1
id_001519,valid,0
id_002814,valid,1
id_001898,train,0
id_001291,train,0
id_000402,train,0
id_000307,train,0
id_001171,train,0
id_000184,valid,0
id_003477,train,1
id_003704,valid,1
id_000890,test,NA
id_002348,train,1
id_001889,valid,0
id_002871,train,1
id_003248,train,1
id_002980,test,NA
id_000486,train,0
id_002838,train,1
id_003113,train,1
id_001369,valid,0
id_003067,train,1
id_001926,train,0
id_002055,test,NA
id_003656,train,1
id_000941,train,0
id_001671,train,0
id_001349,valid,0
id_001757,train,0
id_002615,test,NA
id_000431,train,0
id_000869,valid,0
id_000496,train,0
id_003372,train,1
id_000628,train,0
id_002933,train,1
id_000522,train,0
id_003073,train,1
id_001414,valid,0
id_001253,train,0
id_001172,train,0
id_002323,train,1
id_003643,train,1
id_002506,train,1
id_000452,train,0
id_000747,train,0
id_001625,test,NA
id_000051,train,0
id_000041,train,0
id_000620,test,NA
id_002832,train,1
id_002899,valid,1
id_003193,train,1
id_002609,valid,1
id_003447,train,1
id_002126,train,1
id_003875,test,NA
id_000095,test,NA
id_001393,train,0
id_003512,train,1
id_001800,test,NA
id_003309,valid,1
id_003923,train,1
id_001497,train,0
id_001082,train,0
id_001585,test,NA
id_003907,train,1
id_002118,train,1
id_001215,test,NA
id_003699,valid,1
id_001275,test,NA
id_000279,valid,0
id_003197,train,1
id_002361,train,1
id_003336,train,1
id_000144,valid,0
id_001774,valid,0
id_003282,train,1
id_002966,train,1
id_003706,train,1
id_002833,train,1
id_002693,train,1
id_000272,train,0
id_000255,test,NA
id_002586,train,1
id_000771,train,0
id_001842,train,0
id_000982,train,0
id_001228,train,0
id_000407,train,0
id_000818,train,0
id_000588,train,0
id_000245,test,NA
id_000696,train,0
id_000189,valid,0
id_003572,train,1
id_002700,test,NA
id_003584,valid,1
id_003974,valid,1
id_003174,valid,1
id_001310,test,NA
id_002203,train,1
id_002892,train,1
id_000405,test,NA
id_000850,test,NA
id_000903,train,0
id_001991,train,0
id_001152,train,0
id_001738,train,0
id_003789,valid,1
id_000002,train,0
id_000565,test,NA
id_002799,valid,1
id_003472,train,1
id_003305,test,NA
id_001026,train,0
id_000805,test,NA
id_002244,valid,1
id_002894,valid,1
id_000645,test,NA
id_003842,train,1
id_000368,train,0
id_000833,train,0
id_003422,train,1
id_001781,train,0
id_000995,test,NA
id_003267,train,1
id_000591,train,0
id_000672,train,0
id_001751,train,0
id_001268,train,0
id_000755,test,NA
id_000711,train,0
id_001992,train,0
id_000535,test,NA
id_003203,train,1
id_001740,test,NA
id_000984,valid,0
id_001748,train,0
id_002804,valid,1
id_000766,train,0
id_000408,train,0
id_000105,test,NA
id_001535,test,NA
id_001299,valid,0
id_000556,train,0
id_001000,test,NA
id_001305,test,NA
id_002043,train,1
id_000145,test,NA
id_002033,train,1
id_000450,test,NA
id_002155,test,NA
id_000882,train,0
id_001864,valid,0
id_000067,train,0
id_002262,train,1
id_001563,train,0
id_001503,train,0
id_003648,train,1
id_003442,train,1
id_000891,train,0
id_001917,train,0
id_003460,test,NA
id_003093,train,1
id_003737,train,1
id_001204,valid,0
id_001540,test,NA
id_000908,train,0
id_003626,train,1
id_000920,test,NA
id_001137,train,0
id_001398,train,0
id_002602,train,1
id_001074,valid,0
id_001760,test,NA
id_000228,train,0
id_003546,train,1
id_002094,valid,1
id_002371,train,1
id_003731,train,1
id_001235,test,NA
id_000596,train,0
id_002054,valid,1
id_003260,test,NA
id_000542,train,0
id_001499,valid,0
id_002210,test,NA
id_002576,train,1
id_003874,valid,1
id_002853,train,1
id_000068,train,0
id_003177,train,1
id_003389,valid,1
id_001827,train,0
id_002460,test,NA
id_000664,valid,0
id_000648,train,0
id_002090,test,NA
id_003432,train,1
id_000071,train,0
id_003756,train,1
id_001194,valid,0
id_000135,test,NA
id_002387,train,1
id_000830,test,NA
id_001127,train,0
id_002607,train,1
id_000700,test,NA
id_000607,train,0
id_000842,train,0
id_003722,train,1
id_000884,valid,0
id_001387,train,0
id_002523,train,1
id_000990,test,NA
id_002699,valid,1
id_002471,train,1
id_001458,train,0
id_002319,valid,1
id_003627,train,1
id_002919,valid,1
id_003644,valid,1
id_001440,test,NA
id_001423,train,0
id_001410,test,NA
id_003297,train,1
id_000804,valid,0
id_002061,train,1
id_002834,valid,1
id_001255,test,NA
id_002388,train,1
id_003002,train,1
id_003783,train,1
id_003850,test,NA
id_002773,train,1
id_000660,test,NA
id_001460,test,NA
id_000433,train,0
id_001828,train,0
id_000269,valid,0
id_000728,train,0
id_002218,train,1
id_000828,train,0
id_003748,train,1
id_002076,train,1
id_000732,train,0
id_003441,train,1
id_003694,valid,1
id_003695,test,NA
id_002107,train,1
id_003108,train,1
id_003649,valid,1
id_002528,train,1
id_001954,valid,0
id_002633,train,1
id_000685,test,NA
id_002332,train,1
id_003145,test,NA
id_001765,test,NA
id_003018,train,1
id_000642,train,0
id_000597,train,0
id_000195,test,NA
id_000337,train,0
id_003583,train,1
id_000601,train,0
id_003339,valid,1
id_002673,train,1
id_001963,train,0
id_003335,test,NA
id_000549,valid,0
id_000632,train,0
id_001219,valid,0
id_001782,train,0
id_003268,train,1
id_001185,test,NA
id_000559,valid,0
id_000534,valid,0
id_001377,train,0
id_002405,test,NA
id_001956,train,0
id_003725,test,NA
id_003675,test,NA
id_001595,test,NA
id_001613,train,0
id_003848,train,1
id_001284,valid,0
id_001226,train,0
id_001389,valid,0
id_000934,valid,0
id_000400,test,NA
id_001373,train,0
id_002596,train,1
id_001328,train,0
id_001467,train,0
id_003439,valid,1
id_003351,train,1
id_003314,valid,1
id_002111,train,1
id_000390,test,NA
id_003178,train,1
id_002789,valid,1
id_002909,valid,1
id_003086,train,1
id_000675,test,NA
id_002842,train,1
id_002366,train,1
id_002052,train,1
id_001134,valid,0
id_003938,train,1
id_000160,test,NA
id_001242,train,0
id_003788,train,1
id_002437,train,1
id_000892,train,0
id_002330,test,NA
id_002313,train,1
id_000370,test,NA
id_001304,valid,0
id_001236,train,0
id_000764,valid,0
id_001707,train,0
id_003628,train,1
id_000030,test,NA
id_001141,train,0
id_001592,train,0
id_003856,train,1
id_001118,train,0
id_002072,train,1
id_003964,valid,1
id_000822,train,0
id_003357,train,1
id_003832,train,1
id_002522,train,1
id_001674,valid,0
id_002877,train,1
id_002624,valid,1
id_002333,train,1
id_000426,train,0
id_002640,test,NA
id_002078,train,1
id_002599,valid,1
id_000444,valid,0
id_003136,train,1
id_002776,train,1
id_002910,test,NA
id_000983,train,0
id_001608,train,0
id_001037,train,0
id_001994,valid,0
id_001949,valid,0
id_001912,train,0
id_002257,train,1
id_002988,train,1
id_001606,train,0
id_001193,train,0
id_002291,train,1
id_003105,test,NA
id_001231,train,0
id_003098,train,1
id_002719,valid,1
id_003413,train,1
id_001120,test,NA
id_003066,train,1
id_003650,test,NA
id_001745,test,NA
id_003685,test,NA
id_003983,train,1
id_000704,valid,0
id_001537,train,0
id_001690,test,NA
id_002032,train,1
id_003448,train,1
id_002553,train,1
id_002235,test,NA
id_000911,train,0
id_001571,train,0
id_000907,train,0
id_003549,valid,1
id_000208,train,0
id_003599,valid,1
id_000910,test,NA
id_002154,valid,1
id_002420,test,NA
id_002753,train,1
id_003481,train,1
id_001343,train,0
id_001957,train,0
id_001033,train,0
id_001004,valid,0
id_002898,train,1
id_002164,valid,1
id_002895,test,NA
id_001486,train,0
id_002574,valid,1
id_002129,valid,1
id_003437,train,1
id_002228,train,1
id_001202,train,0
id_001488,train,0
id_003916,train,1
id_002253,train,1
id_003385,test,NA
id_000315,test,NA
id_001245,test,NA
id_001797,train,0
id_001634,valid,0
id_003710,test,NA
id_003280,test,NA
id_001952,train,0
id_000011,train,0
id_001834,valid,0
id_003962,train,1
id_001043,train,0
id_003022,train,1
id_003723,train,1
id_003530,test,NA
id_002260,test,NA
id_000551,train,0
id_003502,train,1
id_000883,train,0
id_002288,train,1
id_001374,valid,0
id_001124,valid,0
id_002272,train,1
id_002188,train,1
id_000014,valid,0
id_002009,valid,1
id_001906,train,0
id_001323,train,0
id_002173,train,1
id_003426,train,1
id_003333,train,1
id_002982,train,1
id_000947,train,0
id_000849,valid,0
id_002287,train,1
id_000338,train,0
id_001823,train,0
id_001741,train,0
id_002112,train,1
id_002284,valid,1
id_002941,train,1
id_002563,train,1
id_001998,train,0
id_002230,test,NA
id_002342,train,1
id_003888,train,1
id_001854,valid,0
id_001892,train,0
id_003539,valid,1
id_002603,train,1
id_000138,train,0
id_001113,train,0
id_003202,train,1
id_000795,test,NA
id_000592,train,0
id_003390,test,NA
id_002237,train,1
id_001230,test,NA
id_003610,test,NA
id_001096,train,0
id_000854,valid,0
id_001508,train,0
id_000149,valid,0
id_002062,train,1
id_000527,train,0
id_000150,test,NA
id_002214,valid,1
id_003882,train,1
id_003931,train,1
id_001621,train,0
id_000679,valid,0
id_001681,train,0
id_000212,train,0
id_002100,test,NA
id_001830,test,NA
id_001093,train,0
id_001311,train,0
id_000132,train,0
id_002656,train,1
id_003879,valid,1
id_003617,train,1
id_002625,test,NA
id_003734,valid,1
id_001244,valid,0
id_002441,train,1
id_002369,valid,1
id_002014,valid,1
id_002238,train,1
id_003107,train,1
id_000958,train,0
id_002641,train,1
id_002397,train,1
id_001530,test,NA
id_001978,train,0
id_001602,train,0
id_003103,train,1
id_002267,train,1
id_000198,train,0
id_002174,valid,1
id_001294,valid,0
id_001620,test,NA
id_000310,test,NA
id_003552,train,1
id_001346,train,0
id_002995,test,NA
id_002870,test,NA
id_001918,train,0
id_001143,train,0
id_000499,valid,0
id_000940,test,NA
id_000877,train,0
id_000523,train,0
id_000488,train,0
id_002510,test,NA
id_000127,train,0
id_001056,train,0
id_002827,train,1
id_000518,train,0
id_001904,valid,0
id_000479,valid,0
id_002687,train,1
id_001084,valid,0
id_003666,train,1
id_003349,valid,1
id_002470,test,NA
id_002242,train,1
id_003786,train,1
id_002359,valid,1
id_003231,train,1
id_001936,train,0
id_003950,test,NA
id_000919,valid,0
id_002105,test,NA
id_002897,train,1
id_002726,train,1
id_002802,train,1
id_001859,valid,0
id_000109,valid,0
id_000762,train,0
id_002864,valid,1
id_000360,test,NA
id_001988,train,0
id_002659,valid,1
id_001160,test,NA
id_001420,test,NA
id_000807,train,0
id_003830,test,NA
id_001685,test,NA
id_002089,valid,1
id_002998,train,1
id_001968,train,0
id_001603,train,0
id_002068,train,1
id_003917,train,1
id_000897,train,0
id_004000,test,NA
id_000226,train,0
id_000069,valid,0
id_001477,train,0
id_000282,train,0
id_003450,test,NA
id_000215,test,NA
id_000659,valid,0
id_002820,test,NA
id_002825,test,NA
id_002560,test,NA
id_002845,test,NA
id_001941,train,0
id_001040,test,NA
id_000694,valid,0
id_003072,train,1
id_001312,train,0
id_001114,valid,0
id_003453,train,1
id_000757,train,0
id_002592,train,1
id_003589,valid,1
id_003966,train,1
id_002025,test,NA
id_002813,train,1
id_002519,valid,1
id_000676,train,0
id_001415,test,NA
id_000136,train,0
id_000698,train,0
id_001869,valid,0
id_000790,test,NA
id_002400,test,NA
id_003322,train,1
id_002582,train,1
id_002376,train,1
id_002911,train,1
id_003088,train,1
id_001811,train,0
id_000168,train,0
id_001128,train,0
id_000239,valid,0
id_002542,train,1
id_001044,valid,0
id_000687,train,0
id_001157,train,0
id_001623,train,0
id_001101,train,0
id_000870,test,NA
id_002768,train,1
id_000637,train,0
id_003099,valid,1
id_003473,train,1
id_000938,train,0
id_002132,train,1
id_001544,valid,0
id_001955,test,NA
id_001697,train,0
id_000375,test,NA
id_001789,valid,0
id_003179,valid,1
id_002438,train,1
id_000868,train,0
id_002065,test,NA
id_000023,train,0
id_002929,valid,1
id_003109,valid,1
id_002927,train,1
id_001947,train,0
id_000962,train,0
id_001937,train,0
id_003444,valid,1
id_002552,train,1
id_001597,train,0
id_001438,train,0
id_001307,train,0
id_000885,test,NA
id_000471,train,0
id_003470,test,NA
id_003225,test,NA
id_000997,train,0
id_001900,test,NA
id_001476,train,0
id_000668,train,0
id_000394,valid,0
id_003865,test,NA
id_001593,train,0
id_002083,train,1
id_003123,train,1
id_001059,valid,0
id_003036,train,1
id_003274,valid,1
id_000670,test,NA
id_003152,train,1
id_003509,valid,1
id_003144,valid,1
id_000423,train,0
id_002732,train,1
id_000365,test,NA
id_003912,train,1
id_002320,test,NA
id_003374,valid,1
id_002302,train,1
id_000734,valid,0
id_002019,valid,1
id_003679,valid,1
id_002876,train,1
id_002276,train,1
id_001258,train,0
id_000501,train,0
id_000446,train,0
id_003759,valid,1
id_000575,test,NA
id_001546,train,0
id_001381,train,0
id_000552,train,0
id_001813,train,0
id_001557,train,0
id_000267,train,0
id_001214,valid,0
id_000449,valid,0
id_001764,valid,0
id_001057,train,0
id_001754,valid,0
id_000278,train,0
id_002784,valid,1
id_003994,valid,1
id_000898,train,0
id_001686,train,0
id_001350,test,NA
id_000221,train,0
id_000174,valid,0
id_002984,valid,1
id_001372,train,0
id_001309,valid,0
id_000458,train,0
id_002955,test,NA
id_002451,train,1
id_003624,valid,1
id_003399,valid,1
id_002096,train,1
id_002597,train,1
id_003922,train,1
id_003960,test,NA
id_002879,valid,1
id_001176,train,0
id_003831,train,1
id_003538,train,1
id_003878,train,1
id_001820,test,NA
id_002350,test,NA
id_002791,train,1
id_002671,train,1
id_001903,train,0
id_000510,test,NA
id_000729,valid,0
id_002109,valid,1
id_000956,train,0
id_002977,train,1
id_002809,valid,1
id_003894,valid,1
id_003698,train,1
id_000821,train,0
id_000806,train,0
id_000325,test,NA
id_000750,test,NA
id_003058,train,1
id_002383,train,1
id_002611,train,1
id_002128,train,1
id_000294,valid,0
id_001750,test,NA
id_001554,valid,0
id_002723,train,1
id_000705,test,NA
id_003008,train,1
id_002391,train,1
id_001895,test,NA
id_003299,valid,1
id_002343,train,1
id_003378,train,1
id_003802,train,1
id_002335,test,NA
id_003317,train,1
id_001017,train,0
id_003986,train,1
id_001407,train,0
id_001587,train,0
id_000731,train,0
id_003048,train,1
id_000720,test,NA
id_001088,train,0
id_001302,train,0
id_002493,train,1
id_002102,train,1
id_001818,train,0
id_002651,train,1
id_003766,train,1
id_000725,test,NA
id_001021,train,0
id_001821,train,0
id_002785,test,NA
id_002080,test,NA
id_003801,train,1
id_002121,train,1
id_000966,train,0
id_002837,train,1
id_000303,train,0
id_001881,train,0
id_001911,train,0
id_001325,test,NA
id_002216,train,1
id_001020,test,NA
id_001940,test,NA
id_001801,train,0
id_001983,train,0
id_003034,valid,1
id_002103,train,1
id_001355,test,NA
id_002580,test,NA
id_000743,train,0
id_003039,valid,1
id_001399,valid,0
id_001313,train,0
id_002797,train,1
id_003028,train,1
id_000016,train,0
id_001630,test,NA
id_003438,train,1
id_003277,train,1
id_002047,train,1
id_001779,valid,0
id_001644,valid,0
id_001668,train,0
id_002796,train,1
id_001915,test,NA
id_001418,train,0
id_001916,train,0
id_000873,train,0
id_001223,train,0
id_003168,train,1
id_002070,test,NA
id_001647,train,0
id_003547,train,1
id_000275,test,NA
id_000079,valid,0
id_000083,train,0
id_002707,train,1
id_001148,train,0
id_003386,train,1
id_000557,train,0
id_000118,train,0
id_000749,valid,0
id_000311,train,0
id_000584,valid,0
id_002769,valid,1
id_000560,test,NA
id_003257,train,1
id_000050,test,NA
id_001078,train,0
id_000176,train,0
id_000318,train,0
id_000260,test,NA
id_003249,valid,1
id_003595,test,NA
id_003632,train,1
id_001279,valid,0
id_003883,train,1
id_002886,train,1
id_003279,valid,1
id_000615,test,NA
id_001542,train,0
id_000860,test,NA
id_002285,test,NA
id_003726,train,1
id_002066,train,1
id_002530,test,NA
id_003251,train,1
id_003642,train,1
id_000409,valid,0
id_003906,train,1
id_000164,valid,0
id_001068,train,0
id_000980,test,NA
id_003886,train,1
id_000187,train,0
id_003457,train,1
id_003264,valid,1
id_001002,train,0
id_003061,train,1
id_001402,train,0
id_001710,test,NA
id_002890,test,NA
id_002301,train,1
id_000930,test,NA
id_001688,train,0
id_003054,valid,1
id_000625,test,NA
id_001386,train,0
id_003623,train,1
id_000059,valid,0
id_001462,train,0
id_001221,train,0
id_003688,train,1
id_001655,test,NA
id_000544,valid,0
id_002896,train,1
id_003564,valid,1
id_002039,valid,1
id_001549,valid,0
id_001727,train,0
id_003823,train,1
id_000230,test,NA
id_002720,test,NA
id_001257,train,0
id_003445,test,NA
id_002421,train,1
id_002644,valid,1
id_003219,valid,1
id_003764,valid,1
id_003703,train,1
id_000791,train,0
id_003235,test,NA
id_000657,train,0
id_000017,train,0
id_001445,test,NA
id_003156,train,1
id_003153,train,1
id_001405,test,NA
id_001558,train,0
id_003719,valid,1
id_001066,train,0
id_000640,test,NA
id_003328,train,1
id_003604,valid,1
id_002788,train,1
id_001894,valid,0
id_001326,train,0
id_002177,train,1
id_001616,train,0
id_000569,valid,0
id_002839,valid,1
id_000678,train,0
id_003600,test,NA
id_000178,train,0
id_001770,test,NA
id_002900,test,NA
id_003191,train,1
id_002923,train,1
id_000142,train,0
id_001147,train,0
id_001034,valid,0
id_003824,valid,1
id_000225,test,NA
id_003208,train,1
id_000469,valid,0
id_002386,train,1
id_003373,train,1
id_002306,train,1
id_002497,train,1
id_003523,train,1
id_003792,train,1
id_002199,valid,1
id_002568,train,1
id_003733,train,1
id_001979,valid,0
id_002969,valid,1
id_003348,train,1
id_001289,valid,0
id_002462,train,1
id_000478,train,0
id_000811,train,0
id_000858,train,0
id_003488,train,1
id_001986,train,0
id_000970,test,NA
id_003465,test,NA
id_002492,train,1
id_003051,train,1
id_000546,train,0
id_002617,train,1
id_002962,train,1
id_002390,test,NA
id_001180,test,NA
id_003130,test,NA
id_000532,train,0
id_001203,train,0
id_001720,test,NA
id_001841,train,0
id_002852,train,1
id_001531,train,0
id_003925,test,NA
id_003478,train,1
id_001356,train,0
id_000638,train,0
id_001123,train,0
id_001437,train,0
id_000427,train,0
id_002851,train,1
id_002204,valid,1
id_000954,valid,0
id_002565,test,NA
id_003868,train,1
id_001735,test,NA
id_001982,train,0
id_001829,valid,0
id_003594,valid,1
id_003141,train,1
id_002212,train,1
id_000314,valid,0
id_003269,valid,1
id_002606,train,1
id_000730,test,NA
id_002841,train,1
id_002605,test,NA
id_001314,valid,0
id_001246,train,0
id_000792,train,0
id_003560,test,NA
id_002660,test,NA
id_000175,test,NA
id_002468,train,1
id_002850,test,NA
id_003187,train,1
id_000768,train,0
id_003149,valid,1
id_002743,train,1
id_003129,valid,1
id_002165,test,NA
id_002296,train,1
id_000785,test,NA
id_003619,valid,1
id_003978,train,1
id_001689,valid,0
id_002891,train,1
id_001737,train,0
id_001663,train,0
id_002860,test,NA
id_000712,train,0
id_001353,train,0
id_001610,test,NA
id_000754,valid,0
id_002588,train,1
id_001085,test,NA
id_002847,train,1
id_000374,valid,0
id_002487,train,1
id_002196,train,1
id_000179,valid,0
id_003316,train,1
id_002548,train,1
id_001287,train,0
id_003367,train,1
id_003405,test,NA
id_002309,valid,1
id_003199,valid,1
id_000742,train,0
id_002573,train,1
id_000709,valid,0
id_001270,test,NA
id_001758,train,0
id_002584,valid,1
id_003763,train,1
id_001095,test,NA
id_003253,train,1
id_001392,train,0
id_001344,valid,0
id_003371,train,1
id_000183,train,0
id_000652,train,0
id_001791,train,0
id_000611,train,0
id_003559,valid,1
id_002491,train,1
id_002652,train,1
id_000382,train,0
id_000963,train,0
id_001835,test,NA
id_003485,test,NA
id_001049,valid,0
id_002946,train,1
id_002570,test,NA
id_000899,valid,0
id_001732,train,0
id_002415,test,NA
id_000541,train,0
id_002084,valid,1
id_001799,valid,0
id_000748,train,0
id_001570,test,NA
id_001478,train,0
id_003165,test,NA
id_001944,valid,0
id_001641,train,0
id_000936,train,0
id_001989,valid,0
id_001569,valid,0
id_002698,train,1
id_000417,train,0
id_002828,train,1
id_001658,train,0
id_001119,valid,0
id_001146,train,0
id_000240,test,NA
id_001725,test,NA
id_002637,train,1
id_002220,test,NA
id_003188,train,1
id_000356,train,0
id_002881,train,1
id_002474,valid,1
id_001475,test,NA
id_001692,train,0
id_000658,train,0
id_003452,train,1
id_001908,train,0
id_001329,valid,0
id_003692,train,1
id_003909,valid,1
id_002973,train,1
id_002478,train,1
id_001846,train,0
id_003045,test,NA
id_001378,train,0
id_003593,train,1
id_001840,test,NA
id_003880,test,NA
id_002594,valid,1
id_003173,train,1
id_001170,test,NA
id_001712,train,0
id_003658,train,1
id_002976,train,1
id_000056,train,0
id_003777,train,1
id_002334,valid,1
id_002564,valid,1
id_003858,train,1
id_003403,train,1
id_002861,train,1
id_000308,train,0
id_002240,test,NA
id_000484,valid,0
id_002406,train,1
id_003918,train,1
id_001097,train,0
id_001967,train,0
id_001094,valid,0
id_003957,train,1
id_003554,valid,1
id_003292,train,1
id_002710,test,NA
id_002250,test,NA
id_000594,valid,0
id_003602,train,1
id_000410,test,NA
id_002878,train,1
id_000327,train,0
id_002724,valid,1
id_002591,train,1
id_001080,test,NA
id_000978,train,0
id_003480,test,NA
id_000063,train,0
id_001703,train,0
id_002264,valid,1
id_001628,train,0
id_000498,train,0
id_000649,valid,0
id_000358,train,0
id_001451,train,0
id_000116,train,0
id_000761,train,0
id_003745,test,NA
id_001422,train,0
id_000399,valid,0
id_001453,train,0
id_001792,train,0
id_001624,valid,0
id_001339,valid,0
id_001491,train,0
id_000852,train,0
id_003364,valid,1
id_002201,train,1
id_002379,valid,1
id_001465,test,NA
id_003428,train,1
id_002571,train,1
id_002765,test,NA
id_000220,test,NA
id_003579,valid,1
id_000231,train,0
id_003397,train,1
id_001142,train,0
id_001041,train,0
id_002256,train,1
id_001667,train,0
id_000323,train,0
id_001354,valid,0
id_003513,train,1
id_001025,test,NA
id_001736,train,0
id_001015,test,NA
id_003190,test,NA
id_000998,train,0
id_001443,train,0
id_002993,train,1
id_000780,test,NA
id_001825,test,NA
id_002889,valid,1
id_000076,train,0
id_002331,train,1
id_002795,test,NA
id_001520,test,NA
id_003895,test,NA
id_002682,train,1
id_003970,test,NA
id_002123,train,1
id_003570,test,NA
id_000841,train,0
id_001711,train,0
id_003483,train,1
id_000691,train,0
id_002407,train,1
id_002266,train,1
id_003263,train,1
id_001220,test,NA
id_003383,train,1
id_003876,train,1
id_001564,valid,0
id_001902,train,0
id_003094,valid,1
id_003795,test,NA
id_002231,train,1
id_003812,train,1
id_000388,train,0
id_003146,train,1
id_000993,train,0
id_002978,train,1
id_002246,train,1
id_002064,valid,1
id_003161,train,1
id_000346,train,0
id_002858,train,1
id_000033,train,0
id_002558,train,1
id_002697,train,1
id_003614,valid,1
id_000078,train,0
id_002456,train,1
id_000235,test,NA
id_001506,train,0
id_001586,train,0
id_001292,train,0
id_000727,train,0
id_000579,valid,0
id_003077,train,1
id_003805,test,NA
id_002419,valid,1
id_002234,valid,1
id_003767,train,1
id_002040,test,NA
id_003825,test,NA
id_000344,valid,0
id_003903,train,1
id_001511,train,0
id_000097,train,0
id_002322,train,1
id_000447,train,0
id_001555,test,NA
id_002779,valid,1
id_003285,test,NA
id_001843,train,0
id_001254,valid,0
id_000639,valid,0
id_003577,train,1
id_000865,test,NA
id_003319,valid,1
id_002549,valid,1
id_003691,train,1
id_003803,train,1
id_003596,train,1
id_002273,train,1
id_000243,train,0
id_001661,train,0
id_002092,train,1
id_000432,train,0
id_001005,test,NA
id_000049,valid,0
id_003479,valid,1
id_002748,train,1
id_000895,test,NA
id_001293,train,0
id_002141,train,1
id_001980,test,NA
id_001388,train,0
id_002604,valid,1
id_003968,train,1
id_000352,train,0
id_001368,train,0
id_000741,train,0
id_000650,test,NA
id_003592,train,1
id_000124,valid,0
id_000737,train,0
id_001430,test,NA
id_000875,test,NA
id_000251,train,0
id_002382,train,1
id_002077,train,1
id_000284,valid,0
id_002867,train,1
id_003137,train,1
id_002408,train,1
id_002027,train,1
id_000281,train,0
id_001404,valid,0
id_003310,test,NA
id_000389,valid,0
id_001815,test,NA
id_000090,test,NA
id_001999,valid,0
id_002632,train,1
id_000967,train,0
id_003672,train,1
id_002922,train,1
id_003798,train,1
id_003204,valid,1
id_001395,test,NA
id_003315,test,NA
id_002869,valid,1
id_001102,train,0
id_000300,test,NA
id_003343,train,1
id_002840,test,NA
id_002830,test,NA
id_002261,train,1
id_000533,train,0
id_000900,test,NA
id_002115,test,NA
id_003669,valid,1
id_001676,train,0
id_000214,valid,0
id_001664,valid,0
id_003898,train,1
id_003443,train,1
id_000273,train,0
id_001734,valid,0
id_001186,train,0
id_003633,train,1
id_003082,train,1
id_001513,train,0
id_003089,valid,1
id_003709,valid,1
id_003266,train,1
id_001837,train,0
id_002021,train,1
id_003213,train,1
id_001229,valid,0
id_002989,valid,1
id_002357,train,1
id_001295,test,NA
id_003794,valid,1
id_002734,valid,1
id_001135,test,NA
id_000876,train,0
id_000643,train,0
id_000345,test,NA
id_002502,train,1
id_001426,train,0
id_003612,train,1
id_000128,train,0
id_000334,valid,0
id_002082,train,1
id_000827,train,0
id_002859,valid,1
id_002012,train,1
id_003308,train,1
id_002562,train,1
id_003817,train,1
id_001139,valid,0
id_003847,train,1
id_001075,test,NA
id_000411,train,0
id_002824,valid,1
id_002299,valid,1
id_002153,train,1
id_000717,train,0
id_000490,test,NA
id_002298,train,1
id_003881,train,1
id_001536,train,0
id_000259,valid,0
id_000733,train,0
id_003860,test,NA
id_002453,train,1
id_002041,train,1
id_002569,valid,1
id_003250,test,NA
id_000268,train,0
id_002297,train,1
id_000258,train,0
id_002619,valid,1
id_002836,train,1
id_000767,train,0
id_001893,train,0
id_003948,train,1
id_002002,train,1
id_001379,valid,0
id_002428,train,1
id_002942,train,1
id_000586,train,0
id_001873,train,0
id_002781,train,1
id_003132,train,1
id_001694,valid,0
id_003718,train,1
id_001761,train,0
id_000506,train,0
id_002672,train,1
id_002501,train,1
id_000861,train,0
id_000305,test,NA
id_001802,train,0
id_000084,valid,0
id_000263,train,0
id_002035,test,NA
id_003982,train,1
id_002101,train,1
id_003958,train,1
id_001108,train,0
id_003646,train,1
id_002628,train,1
id_000651,train,0
id_003503,train,1
id_000682,train,0
id_003218,train,1
id_000009,valid,0
id_000412,train,0
id_003605,test,NA
id_003946,train,1
id_001591,train,0
id_001717,train,0
id_001771,train,0
id_000517,train,0
id_001022,train,0
id_001545,test,NA
id_002108,train,1
id_003345,test,NA
id_001514,valid,0
id_002658,train,1
id_000036,train,0
id_002948,train,1
id_002915,test,NA
id_000188,train,0
id_003908,train,1
id_002701,train,1
id_001581,train,0
id_001783,train,0
id_001981,train,0
id_001928,train,0
id_003578,train,1
id_001265,test,NA
id_002912,train,1
id_000519,valid,0
id_001296,train,0
id_001283,train,0
id_002714,valid,1
id_003991,train,1
id_000839,valid,0
id_003700,test,NA
id_002060,test,NA
id_000010,test,NA
id_001352,train,0
id_003937,train,1
id_000618,train,0
id_001679,valid,0
id_002030,test,NA
id_001907,train,0
id_001070,test,NA
id_000211,train,0
id_003290,test,NA
id_003007,train,1
id_002882,train,1
id_003031,train,1
id_002567,train,1
id_003776,train,1
id_001653,train,0
id_001756,train,0
id_003360,test,NA
id_003897,train,1
id_000123,train,0
id_003744,valid,1
id_000082,train,0
id_001412,train,0
id_001599,valid,0
id_000629,valid,0
id_000987,train,0
id_000351,train,0
id_003514,valid,1
id_000975,test,NA
id_003330,test,NA
id_003939,valid,1
id_003781,train,1
id_000539,valid,0
id_001614,valid,0
id_000582,train,0
id_000521,train,0
id_002843,train,1
id_000065,test,NA
id_003186,train,1
id_001400,test,NA
id_003449,valid,1
id_001261,train,0
id_001858,train,0
id_000929,valid,0
id_000117,train,0
id_003184,valid,1
id_003000,test,NA
id_001340,test,NA
id_000600,test,NA
id_003421,train,1
id_000856,train,0
id_003205,test,NA
id_003541,train,1
id_003771,train,1
id_000871,train,0
id_001361,train,0
id_000326,train,0
id_003708,train,1
id_001526,train,0
id_002147,train,1
id_003431,train,1
id_002741,train,1
id_003674,valid,1
id_001177,train,0
id_000587,train,0
id_003201,train,1
id_000019,valid,0
id_002205,test,NA
id_000148,train,0
id_002122,train,1
id_002902,train,1
id_002455,test,NA
id_000621,train,0
id_001672,train,0
id_000316,train,0
id_002758,train,1
id_002816,train,1
id_000152,train,0
id_003620,test,NA
id_003083,train,1
id_002318,train,1
id_001409,valid,0
id_000134,valid,0
id_001559,valid,0
id_001638,train,0
id_000425,test,NA
id_002525,test,NA
id_001897,train,0
id_001860,test,NA
id_003160,test,NA
id_001814,valid,0
id_002829,valid,1
id_000695,test,NA
id_003436,train,1
id_002336,train,1
id_003391,train,1
id_001483,train,0
id_001474,valid,0
id_003885,test,NA
id_000813,train,0
id_001969,valid,0
id_001516,train,0
id_002778,train,1
id_002994,valid,1
id_003404,valid,1
id_003312,train,1
id_001260,test,NA
id_001198,train,0
id_003091,train,1
id_002917,train,1
id_003661,train,1
id_002512,train,1
id_001130,test,NA
id_000989,valid,0
id_000577,train,0
id_001031,train,0
id_001116,train,0
id_000973,train,0
id_000114,valid,0
id_003369,valid,1
id_003458,train,1
id_003915,test,NA
id_002875,test,NA
id_001899,valid,0
id_001375,test,NA
id_002461,train,1
id_000333,train,0
id_000497,train,0
id_000320,test,NA
id_002708,train,1
id_001691,train,0
id_002947,train,1
id_001413,train,0
id_003631,train,1
id_003678,train,1
id_002997,train,1
id_002538,train,1
id_000286,train,0
id_002215,test,NA
id_003814,valid,1
id_001504,valid,0
id_000448,train,0
id_002844,valid,1
id_001796,train,0
id_002515,test,NA
id_003243,train,1
id_003740,test,NA
id_003414,valid,1
id_000495,test,NA
id_002536,train,1
id_003338,train,1
id_003998,train,1
id_001500,test,NA
id_003265,test,NA
id_000573,train,0
id_001611,train,0
id_002449,valid,1
id_001434,valid,0
id_000666,train,0
id_000515,test,NA
id_000851,train,0
id_000355,test,NA
id_000207,train,0
id_000440,test,NA
id_002598,train,1
id_002213,train,1
id_001780,test,NA
id_000945,test,NA
id_001461,train,0
id_001072,train,0
id_000131,train,0
id_003459,valid,1
id_002020,test,NA
id_000726,train,0
id_002424,valid,1
id_000972,train,0
id_002521,train,1
id_001153,train,0
id_000512,train,0
id_002713,train,1
id_002280,test,NA
id_000380,test,NA
id_002647,train,1
id_003318,train,1
id_003409,valid,1
id_000944,valid,0
id_000864,valid,0
id_000624,valid,0
id_000401,train,0
id_000003,train,0
id_001227,train,0
id_002703,train,1
id_001058,train,0
id_003893,train,1
id_001234,valid,0
id_001492,train,0
id_001575,test,NA
id_002524,valid,1
id_000991,train,0
id_001243,train,0
id_000092,train,0
id_000064,valid,0
id_000413,train,0
id_001427,train,0
id_003245,test,NA
id_000419,valid,0
id_003828,train,1
id_001654,valid,0
id_000500,test,NA
id_000661,train,0
id_002630,test,NA
id_001308,train,0
id_000753,train,0
id_002087,train,1
id_000140,test,NA
id_000085,test,NA
id_003629,valid,1
id_003252,train,1
id_000229,valid,0
id_002883,train,1
id_001787,train,0
id_002694,valid,1
id_001347,train,0
id_000819,valid,0
id_003686,train,1
id_001496,train,0
id_002186,train,1
id_003040,test,NA
id_001632,train,0
id_000422,train,0
id_001772,train,0
id_000332,train,0
id_001165,test,NA
id_001232,train,0
id_000173,train,0
id_001408,train,0
id_000928,train,0
id_000357,train,0
id_001045,test,NA
id_003117,train,1
id_001939,valid,0
id_002668,train,1
id_003275,test,NA
id_000115,test,NA
id_002756,train,1
id_002754,valid,1
id_002241,train,1
id_001266,train,0
id_003799,valid,1
id_003016,train,1
id_000829,valid,0
id_001091,train,0
id_002685,test,NA
id_001561,train,0
id_001747,train,0
id_003395,test,NA
id_002835,test,NA
id_002770,test,NA
id_001728,train,0
id_001065,test,NA
id_001449,valid,0
id_001985,test,NA
id_000803,train,0
id_000180,test,NA
id_001129,valid,0
id_000525,test,NA
id_000504,valid,0
id_000580,test,NA
id_002712,train,1
id_000816,train,0
id_000784,valid,0
id_001047,train,0
id_002255,test,NA
id_003956,train,1
id_002484,valid,1
id_000028,train,0
id_002120,test,NA
id_001579,valid,0
id_000039,valid,0
id_003979,valid,1
id_002427,train,1
id_001471,train,0
id_001831,train,0
id_002152,train,1
id_003713,train,1
id_003900,test,NA
id_000233,train,0
id_000921,train,0
id_002664,valid,1
id_003540,test,NA
id_001848,train,0
id_002985,test,NA
id_003807,train,1
id_002393,train,1
id_002601,train,1
id_000879,valid,0
id_003167,train,1
id_000832,train,0
id_003097,train,1
id_002888,train,1
id_002312,train,1
id_000545,test,NA
id_001083,train,0
id_000193,train,0
id_001945,test,NA
id_003079,valid,1
id_003765,test,NA
id_001473,train,0
id_000087,train,0
id_000415,test,NA
id_001360,test,NA
id_001448,train,0
id_003402,train,1
id_000227,train,0
id_002975,test,NA
id_002972,train,1
id_001357,train,0
id_000794,valid,0
id_002906,train,1
id_001538,train,0
id_002001,train,1
id_001505,test,NA
id_003755,test,NA
id_000466,train,0
id_000206,train,0
id_002482,train,1
id_001411,train,0
id_002681,train,1
id_002018,train,1
id_001338,train,0
id_002689,valid,1
id_000223,train,0
id_001776,train,0
id_000013,train,0
id_000562,train,0
id_001699,valid,0
id_002179,valid,1
id_002193,train,1
id_001995,test,NA
id_000663,train,0
id_003270,test,NA
id_003884,valid,1
id_001217,train,0
id_002452,train,1
id_002967,train,1
id_000810,test,NA
id_001501,train,0
id_003543,train,1
id_002206,train,1
id_003078,train,1
id_003284,valid,1
id_002028,train,1
id_003693,train,1
id_002311,train,1
id_001509,valid,0
id_003761,train,1
id_003223,train,1
id_000862,train,0
id_000378,train,0
id_001724,valid,0
id_000265,test,NA
id_003872,train,1
id_000530,test,NA
id_002140,test,NA
id_000043,train,0
id_000786,train,0
id_000923,train,0
id_003681,train,1
id_003841,train,1
id_002353,train,1
id_003350,test,NA
id_003195,test,NA
id_000752,train,0
id_002481,train,1
id_002526,train,1
id_002496,train,1
id_001552,train,0
id_003782,train,1
id_001997,train,0
id_003896,train,1
id_003969,valid,1
id_002045,test,NA
id_003630,test,NA
id_003076,train,1
id_001213,train,0
id_000800,test,NA
id_002363,train,1
id_002705,test,NA
id_003902,train,1
id_003456,train,1
id_001921,train,0
id_001028,train,0
id_002138,train,1
id_002762,train,1
id_003484,valid,1
id_000957,train,0
id_001482,train,0
id_000491,train,0
id_002692,train,1
id_000912,train,0
id_003287,train,1
id_000837,train,0
id_002952,train,1
id_001510,test,NA
id_001452,train,0
id_003663,train,1
id_003989,valid,1
id_003009,valid,1
id_000507,train,0
id_003467,train,1
id_000107,train,0
id_002211,train,1
id_002459,valid,1
id_001050,test,NA
id_002981,train,1
id_000169,valid,0
id_003750,test,NA
id_002495,test,NA
id_000139,valid,0
id_003320,test,NA
id_002151,train,1
id_000256,train,0
id_001428,train,0
id_001001,train,0
id_002442,train,1
id_000364,valid,0
id_002364,valid,1
id_000622,train,0
id_002551,train,1
id_002423,train,1
id_003046,train,1
id_003122,train,1
id_000237,train,0
id_000775,test,NA
id_001322,train,0
id_003017,train,1
id_003495,test,NA
id_001885,test,NA
id_002957,train,1
id_003838,train,1
id_001166,train,0
id_002817,train,1
id_003493,train,1
id_003921,train,1
id_002986,train,1
id_002951,train,1
id_002178,train,1
id_001960,test,NA
id_003689,valid,1
id_003301,train,1
id_000287,train,0
id_002862,train,1
id_003769,valid,1
id_003851,train,1
id_001684,valid,0
id_000317,train,0
id_000867,train,0
id_001117,train,0
id_001016,train,0
id_001256,train,0
id_002226,train,1
id_000492,train,0
id_003415,test,NA
id_003525,test,NA
id_000482,train,0
id_003587,train,1
id_002500,test,NA
id_003871,train,1
id_000735,test,NA
id_001974,valid,0
id_003300,test,NA
id_003942,train,1
id_001739,valid,0
id_001970,test,NA
id_003716,train,1
id_001675,test,NA
id_003295,test,NA
id_002024,valid,1
id_003622,train,1
id_000843,train,0
id_003169,valid,1
id_001099,valid,0
id_000171,train,0
id_002636,train,1
id_001469,valid,0
id_002163,train,1
id_002706,train,1
id_000339,valid,0
id_003889,valid,1
id_002575,test,NA
id_001746,train,0
id_002352,train,1
id_000669,valid,0
id_000671,train,0
id_000349,valid,0
id_003899,valid,1
id_003949,valid,1
id_002621,train,1
id_003773,train,1
id_003887,train,1
id_000985,test,NA
id_001619,valid,0
id_000436,train,0
id_003758,train,1
id_000736,train,0
id_002763,train,1
id_000464,valid,0
id_003809,valid,1
id_002005,test,NA
id_000232,train,0
id_003189,valid,1
id_003990,test,NA
id_001721,train,0
id_001861,train,0
id_000630,test,NA
id_003140,test,NA
id_001673,train,0
id_001076,train,0
id_002807,train,1
id_000540,test,NA
id_002709,valid,1
id_003819,valid,1
id_000526,train,0
id_003005,test,NA
id_000475,test,NA
id_000722,train,0
id_003586,train,1
id_003670,test,NA
id_000889,valid,0
id_003131,train,1
id_002868,train,1
id_001919,valid,0
id_000238,train,0
id_001444,valid,0
id_001105,test,NA
id_003653,train,1
id_003844,valid,1
id_000683,train,0
id_003411,train,1
id_001303,train,0
id_000166,train,0
id_002337,train,1
id_003779,valid,1
id_003780,test,NA
id_002650,test,NA
id_003877,train,1
id_002901,train,1
id_000038,train,0
id_001027,train,0
id_000392,train,0
id_003278,train,1
id_000935,test,NA
id_001330,test,NA
id_001447,train,0
id_000439,valid,0
id_000342,train,0
id_001924,valid,0
id_000988,train,0
id_000528,train,0
id_002849,valid,1
id_003162,train,1
id_003012,train,1
id_001719,valid,0
id_000155,test,NA
id_001168,train,0
id_001993,train,0
id_003128,train,1
id_003654,valid,1
id_001543,train,0
id_000343,train,0
id_003384,valid,1
id_002378,train,1
id_001269,valid,0
id_002806,train,1
id_003498,train,1
id_002159,valid,1
id_001642,train,0
id_002657,train,1
id_001298,train,0
id_001609,valid,0
id_003056,train,1
id_001877,train,0
id_001039,valid,0
id_002158,train,1
id_003226,train,1
id_001052,train,0
id_000151,train,0
id_003534,valid,1
id_000321,train,0
id_003047,train,1
id_001618,train,0
id_002282,train,1
id_000578,train,0
id_000203,train,0
id_000952,train,0
id_003638,train,1
id_003984,valid,1
id_000143,train,0
id_001121,train,0
id_002887,train,1
id_003298,train,1
id_003043,train,1
id_002160,test,NA
id_001156,train,0
id_002283,train,1
id_003504,valid,1
id_000617,train,0
id_002086,train,1
id_000905,test,NA
id_003451,train,1
id_001179,valid,0
id_002418,train,1
id_002557,train,1
id_001090,test,NA
id_000777,train,0
id_000250,test,NA
id_002546,train,1
id_000627,train,0
id_003598,train,1
id_000110,test,NA
id_003052,train,1
id_003976,train,1
id_000574,valid,0
id_002295,test,NA
id_001706,train,0
id_000614,valid,0
id_002537,train,1
id_002243,train,1
id_002074,valid,1
id_002531,train,1
id_001112,train,0
id_003835,test,NA
id_000165,test,NA
id_002808,train,1
id_002543,train,1
id_000120,test,NA
id_002540,test,NA
id_003407,train,1
id_000217,train,0
id_002545,test,NA
id_002048,train,1
id_000331,train,0
id_000674,valid,0
id_001248,train,0
id_001733,train,0
id_003652,train,1
id_000182,train,0
id_001580,test,NA
id_002367,train,1
id_003382,train,1
id_002716,train,1
id_000393,train,0
id_001067,train,0
id_000906,train,0
id_001183,train,0
id_001276,train,0
id_001643,train,0
id_003408,train,1
id_002317,train,1
id_002345,test,NA
id_003891,train,1
id_001300,test,NA
id_003762,train,1
id_003041,train,1
id_000391,train,0
id_003057,train,1
id_001964,valid,0
id_002444,valid,1
id_000205,test,NA
id_001551,train,0
id_001321,train,0
id_002259,valid,1
id_002684,valid,1
id_002742,train,1
id_001348,train,0
id_001790,test,NA
id_003967,train,1
id_001933,train,0
id_003491,train,1
id_001666,train,0
id_000094,valid,0
id_003558,train,1
id_003603,train,1
id_000915,test,NA
id_002932,train,1
id_001896,train,0
id_003924,valid,1
id_000960,test,NA
id_002486,train,1
id_003081,train,1
id_000420,test,NA
id_003172,train,1
id_000855,test,NA
id_003013,train,1
id_000470,test,NA
id_000932,train,0
id_000353,train,0
id_003867,train,1
id_003215,test,NA
id_000493,train,0
id_001722,train,0
id_000516,train,0
id_001365,test,NA
id_000894,valid,0
id_002292,train,1
id_001518,train,0
id_003212,train,1
id_001484,valid,0
id_003511,train,1
id_003613,train,1
id_000583,train,0
id_002429,valid,1
id_001766,train,0
id_003826,train,1
id_003785,test,NA
id_002944,valid,1
id_001582,train,0
id_001670,test,NA
id_003207,train,1
id_003090,test,NA
id_003645,test,NA
id_003953,train,1
id_003951,train,1
id_002269,valid,1
id_001175,test,NA
id_002447,train,1
id_001639,valid,0
id_000946,train,0
id_000770,test,NA
id_002430,test,NA
id_002362,train,1
id_002251,train,1
id_003430,test,NA
id_003846,train,1
id_001131,train,0
id_000710,test,NA
id_003288,train,1
id_002629,valid,1
id_003112,train,1
id_002161,train,1
id_000602,train,0
id_001910,test,NA
id_001459,valid,0
id_000073,train,0
id_001282,train,0
id_001014,valid,0
id_002772,train,1
id_001863,train,0
id_003930,test,NA
id_000684,valid,0
id_003510,test,NA
id_001273,train,0
id_001716,train,0
id_002943,train,1
id_002517,train,1
id_000680,test,NA
id_000309,valid,0
id_000459,valid,0
id_001454,valid,0
id_003354,valid,1
id_001390,test,NA
id_001333,train,0
id_003735,test,NA
id_001909,valid,0
id_001376,train,0
id_002587,train,1
id_003527,train,1
id_003980,test,NA
id_000213,train,0
id_000909,valid,0
id_002457,train,1
id_002733,train,1
id_000739,valid,0
id_000760,test,NA
id_003461,train,1
id_000598,train,0
id_000262,train,0
id_002075,test,NA
id_001793,train,0
id_000248,train,0
id_000371,train,0
id_001547,train,0
id_003388,train,1
id_000745,test,NA
id_003913,train,1
id_002516,train,1
id_003375,test,NA
id_001990,test,NA
id_002248,train,1
id_002169,valid,1
id_003910,test,NA
id_000046,train,0
id_003843,train,1
id_003381,train,1
id_003911,train,1
id_000502,train,0
id_003236,train,1
id_002777,train,1
id_000576,train,0
id_003800,test,NA
id_001110,test,NA
id_001489,valid,0
id_001136,train,0
id_001880,test,NA
id_002227,train,1
id_002472,train,1
id_000774,valid,0
id_003486,train,1
id_002787,train,1
id_001107,train,0
id_001126,train,0
id_002071,train,1
id_000280,test,NA
id_003810,test,NA
id_003892,train,1
id_002034,valid,1
id_000218,train,0
id_003973,train,1
id_003059,valid,1
id_000927,train,0
id_000693,train,0
id_002274,valid,1
id_003712,train,1
id_002368,train,1
id_003641,train,1
id_002926,train,1
id_002593,train,1
id_002355,test,NA
id_001696,train,0
id_002277,train,1
id_001173,train,0
id_001042,train,0
id_000153,train,0
id_000024,valid,0
id_003239,valid,1
id_002443,train,1
id_002031,train,1
id_000292,train,0
id_002648,train,1
id_002691,train,1
id_003647,train,1
id_003774,valid,1
id_000779,valid,0
id_000673,train,0
id_001009,valid,0
id_002996,train,1
id_003959,valid,1
id_000758,train,0
id_001317,train,0
id_003370,test,NA
id_001784,valid,0
id_001259,valid,0
id_000689,valid,0
id_002874,valid,1
id_002679,valid,1
id_002059,valid,1
id_003063,train,1
id_000888,train,0
id_001677,train,0
id_001832,train,0
id_000838,train,0
id_003255,test,NA
id_001705,test,NA
id_003221,train,1
id_002884,valid,1
id_001867,train,0
id_000702,train,0
id_000616,train,0
id_000939,valid,0
id_000824,valid,0
id_003244,valid,1
id_002185,test,NA
id_001197,train,0
id_000605,test,NA
id_003659,valid,1
id_002117,train,1
id_003664,valid,1
id_001190,test,NA
id_000571,train,0
id_000111,train,0
id_003454,valid,1
id_002547,train,1
id_001264,valid,0
id_001397,train,0
id_002346,train,1
id_000290,test,NA
id_000302,train,0
id_002411,train,1
id_000161,train,0
id_001071,train,0
id_000026,train,0
id_003581,train,1
id_001362,train,0
id_001502,train,0
id_000429,valid,0
id_003852,train,1
id_002905,test,NA
id_000156,train,0
id_003164,valid,1
id_003234,valid,1
id_000054,valid,0
id_001773,train,0
id_001698,train,0
id_001250,test,NA
id_003936,train,1
id_003607,train,1
id_003304,valid,1
id_001161,train,0
id_003151,train,1
id_001901,train,0
id_002631,train,1
id_000634,valid,0
id_001174,valid,0
id_001961,train,0
id_000451,train,0
id_003020,test,NA
id_003394,valid,1
id_000513,train,0
id_003608,train,1
id_003992,train,1
id_002327,train,1
id_000264,valid,0
id_001884,valid,0
id_001241,train,0
id_001600,test,NA
id_001163,train,0
id_001588,train,0
id_003618,train,1
id_002142,train,1
id_000249,valid,0
id_002715,test,NA
id_002695,test,NA
id_001209,valid,0
id_002670,test,NA
id_002893,train,1
id_000626,train,0
id_000200,test,NA
id_003682,train,1
id_003159,valid,1
id_003170,test,NA
id_000252,train,0
id_003806,train,1
id_003727,train,1
id_001826,train,0
id_003157,train,1
id_000489,valid,0
id_002016,train,1
id_002125,test,NA
id_002095,test,NA
id_002812,train,1
id_001237,train,0
id_002377,train,1
id_002000,test,NA
id_000480,test,NA
id_001208,train,0
id_002254,valid,1
id_001762,train,0
id_003996,train,1
id_002690,test,NA
id_003870,test,NA
id_003111,train,1
id_001345,test,NA
id_002938,train,1
id_003796,train,1
id_000835,test,NA
id_000951,train,0
id_002349,valid,1
id_000949,valid,0
id_002217,train,1
id_000690,test,NA
id_000699,valid,0
id_002307,train,1
id_000295,test,NA
id_001433,train,0
id_003342,train,1
id_002219,valid,1
id_000037,train,0
id_000137,train,0
id_000886,train,0
id_001777,train,0
id_003553,train,1
id_001332,train,0
id_001201,train,0
id_001695,test,NA
id_002137,train,1
id_002727,train,1
id_001932,train,0
id_002436,train,1
id_001872,train,0
id_000053,train,0
id_000434,valid,0
id_001803,train,0
id_003522,train,1
id_000814,valid,0
id_000465,test,NA
id_002409,valid,1
id_001184,valid,0
id_002326,train,1
id_000234,valid,0
id_003468,train,1
id_001406,train,0
id_001687,train,0
id_002635,test,NA
id_001281,train,0
id_003030,test,NA
id_003055,test,NA
id_000950,test,NA
id_002067,train,1
id_002780,test,NA
id_003720,test,NA
id_002222,train,1
id_002370,test,NA
id_003027,train,1
id_003582,train,1
id_001870,test,NA
id_002655,test,NA
id_001144,valid,0
id_003262,train,1
id_003815,test,NA
id_002404,valid,1
id_000441,train,0
id_001512,train,0
id_000585,test,NA
id_001948,train,0
id_002321,train,1
id_003332,train,1
id_000004,valid,0
id_001010,test,NA
id_002865,test,NA
id_003104,valid,1
id_001812,train,0
id_003037,train,1
id_002613,train,1
id_001038,train,0
id_001077,train,0
id_002483,train,1
id_001380,test,NA
id_003637,train,1
id_002476,train,1
id_001566,train,0
id_002463,train,1
id_003557,train,1
id_000435,test,NA
id_002750,test,NA
id_003551,train,1
id_003741,train,1
id_002971,train,1
id_002740,test,NA
id_001931,train,0
id_000589,valid,0
id_003337,train,1
id_002831,train,1
id_001804,valid,0
id_002511,train,1
id_001962,train,0
id_000454,valid,0
id_000191,train,0
id_002730,test,NA
id_003532,train,1
id_000163,train,0
id_001104,valid,0
id_002182,train,1
id_002717,train,1
id_003926,train,1
id_001683,train,0
id_003569,valid,1
id_000476,train,0
id_002666,train,1
id_001601,train,0
id_000603,train,0
id_001868,train,0
id_002229,valid,1
id_000570,test,NA
id_001288,train,0
id_000994,valid,0
id_002848,train,1
id_000100,test,NA
id_000312,train,0
id_001032,train,0
id_000414,valid,0
id_001886,train,0
id_000257,train,0
id_003845,test,NA
id_002245,test,NA
id_002328,train,1
id_001092,train,0
id_001562,train,0
id_003965,test,NA
id_003492,train,1
id_002721,train,1
id_003158,train,1
id_000959,valid,0
id_002093,train,1
id_000724,valid,0
id_001306,train,0
id_001271,train,0
id_003142,train,1
id_003323,train,1
id_003294,valid,1
id_000081,train,0
id_001364,valid,0
id_002399,valid,1
id_001844,valid,0
id_001972,train,0
id_001806,train,0
id_003359,valid,1
id_002184,valid,1
id_001633,train,0
id_003377,train,1
id_000744,valid,0
id_003080,test,NA
id_002783,train,1
id_001417,train,0
id_001382,train,0
id_002527,train,1
id_001055,test,NA
id_001494,valid,0
id_003494,valid,1
id_000277,train,0
id_000091,train,0
id_001341,train,0
id_001498,train,0
id_001883,train,0
id_002488,train,1
id_003096,train,1
id_003126,train,1
id_002004,valid,1
id_000965,test,NA
id_000199,valid,0
id_001006,train,0
id_000635,test,NA
id_003757,train,1
id_000197,train,0
id_000437,train,0
id_000099,valid,0
id_000335,test,NA
id_002380,test,NA
id_001063,train,0
id_002739,valid,1
id_000636,train,0
id_000022,train,0
id_002934,valid,1
id_000701,train,0
id_000801,train,0
id_000782,train,0
id_003529,valid,1
id_002683,train,1
id_003738,train,1
id_002166,train,1
id_000916,train,0
id_000793,train,0
id_002856,train,1
id_002815,test,NA
id_002271,train,1
id_000185,test,NA
id_003417,train,1
id_002079,valid,1
id_003961,train,1
id_001723,train,0
id_001211,train,0
id_002991,train,1
id_001087,train,0
id_001222,train,0
id_001767,train,0
id_003784,valid,1
id_000473,train,0
id_000129,valid,0
id_000061,train,0
id_000511,train,0
id_002914,valid,1
id_001249,valid,0
id_001890,test,NA
id_003739,valid,1
id_003754,valid,1
id_001938,train,0
id_000812,train,0
id_000216,train,0
id_002786,train,1
id_002015,test,NA
id_002325,test,NA
id_002006,train,1
id_001798,train,0
id_002680,test,NA
id_003736,train,1
id_002135,test,NA
id_000247,train,0
id_003272,train,1
id_000192,train,0
id_000992,train,0
id_002662,train,1
id_003326,train,1
id_002665,test,NA
id_001693,train,0
id_001319,valid,0
id_002168,train,1
id_001507,train,0
id_000857,train,0
id_003859,valid,1
id_001278,train,0
id_003050,test,NA
id_003591,train,1
id_002667,train,1
id_003505,test,NA
id_003601,train,1
id_003001,train,1
id_002315,test,NA
id_002300,test,NA
id_003941,train,1
id_001920,test,NA
id_003793,train,1
id_000395,test,NA
id_000564,valid,0
id_001416,train,0
id_002007,train,1
id_003952,train,1
id_001629,valid,0
id_003368,train,1
id_003068,train,1
id_001866,train,0
id_003683,train,1
id_002737,train,1
id_002761,train,1
id_001225,test,NA
id_001845,test,NA
id_003200,test,NA
id_003148,train,1
id_001742,train,0
id_003210,test,NA
id_002360,test,NA
id_001277,train,0
id_000692,train,0
id_003548,train,1
id_002782,train,1
id_003474,valid,1
id_002167,train,1
id_002354,valid,1
id_003531,train,1
id_001394,valid,0
id_001457,train,0
id_003171,train,1
id_002458,train,1
id_003995,test,NA
id_002057,train,1
id_003353,train,1
id_000848,train,0
id_001805,test,NA
id_003934,valid,1
id_001731,train,0
id_001651,train,0
id_003423,train,1
id_002051,train,1
id_002308,train,1
id_000740,test,NA
id_000718,train,0
id_000113,train,0
id_001604,valid,0
id_002823,train,1
id_002011,train,1
id_003412,train,1
id_001199,valid,0
id_003487,train,1
id_000853,train,0
id_002759,valid,1
id_000274,valid,0
id_003563,train,1
id_002541,train,1
id_001029,valid,0
id_001752,train,0
id_003943,train,1
id_000537,train,0
id_003804,valid,1
id_000948,train,0
id_001051,train,0
id_001003,train,0
id_000823,train,0
id_001657,train,0
id_002223,train,1
id_002058,train,1
id_000329,valid,0
id_002124,valid,1
id_001098,train,0
id_000508,train,0
id_002303,train,1
id_003555,test,NA
id_002356,train,1
id_002225,test,NA
id_000581,train,0
id_002384,valid,1
id_001012,train,0
id_000242,train,0
id_003092,train,1
id_000130,test,NA
id_001763,train,0
id_003575,test,NA
id_001154,valid,0
id_003955,test,NA
id_002131,train,1
id_002176,train,1
id_003469,valid,1
id_002157,train,1
id_000057,train,0
id_001252,train,0
id_002544,valid,1
id_003254,valid,1
id_000550,test,NA
id_003194,valid,1
id_001749,valid,0
id_002918,train,1
id_002091,train,1
id_002440,test,NA
id_002236,train,1
id_002191,train,1
id_002677,train,1
id_000416,train,0
id_000366,train,0
id_001081,train,0
id_003387,train,1
id_003033,train,1
id_000361,train,0
id_001573,train,0
id_000933,train,0
id_001267,train,0
id_003134,valid,1
id_003671,train,1
id_001446,train,0
id_003393,train,1
id_001879,valid,0
id_000494,valid,0
id_000196,train,0
id_001196,train,0
id_003209,valid,1
id_002616,train,1
id_002800,test,NA
id_000133,train,0
id_002392,train,1
id_002187,train,1
id_003025,test,NA
id_002498,train,1
id_002439,valid,1
id_002162,train,1
id_001046,train,0
id_001035,test,NA
id_002469,valid,1
id_002935,test,NA
id_001159,valid,0
id_000121,train,0
id_001419,valid,0
id_000119,valid,0
id_002904,valid,1
id_000836,train,0
id_000045,test,NA
id_001030,test,NA
id_002156,train,1
id_003024,valid,1
id_002144,valid,1
id_001060,test,NA
id_002221,train,1
id_000723,train,0
id_000461,train,0
id_003742,train,1
id_003206,train,1
id_002954,valid,1
id_002751,train,1
id_000826,train,0
id_002928,train,1
id_001439,valid,0
id_001584,valid,0
id_003496,train,1
id_002479,valid,1
id_000313,train,0
id_003366,train,1
id_002003,train,1
id_000872,train,0
id_003561,train,1
id_003944,valid,1
id_002505,test,NA
id_000976,train,0
id_001539,valid,0
id_001337,train,0
id_002968,train,1
id_002224,valid,1
id_001335,test,NA
id_002305,test,NA
id_001385,test,NA
id_000937,train,0
id_000241,train,0
id_000276,train,0
id_003721,train,1
id_001280,test,NA
id_000662,train,0
id_001744,valid,0
id_003416,train,1
id_003665,test,NA
id_001612,train,0
id_000301,train,0
id_003864,valid,1
id_001089,valid,0
id_001195,test,NA
id_000815,test,NA
id_001709,valid,0
id_001425,test,NA
id_000385,test,NA
id_001479,valid,0
id_002467,train,1
id_003166,train,1
id_000340,test,NA
id_003289,valid,1
id_003606,train,1
id_001665,test,NA
id_003150,test,NA
id_001769,valid,0
id_000778,train,0
id_003175,test,NA
id_002294,valid,1
id_002417,train,1
id_003271,train,1
id_002903,train,1
id_001366,train,0
id_003999,valid,1
id_001359,valid,0
id_002398,train,1
id_002729,valid,1
id_000825,test,NA
id_002433,train,1
id_003466,train,1
id_001640,test,NA
id_003247,train,1
id_000428,train,0
id_000042,train,0
id_000665,test,NA
id_001115,test,NA
id_002646,train,1
id_002085,test,NA
id_001556,train,0
id_000896,train,0
id_003291,train,1
id_001320,test,NA
id_001976,train,0
id_003568,train,1
id_000162,train,0
id_003302,train,1
id_003100,test,NA
id_002792,train,1
id_002170,test,NA
id_000154,valid,0
id_002872,train,1
id_003839,valid,1
id_002627,train,1
id_003392,train,1
id_002863,train,1
id_000209,valid,0
id_000831,train,0
id_001704,valid,0
id_001324,valid,0
id_001140,test,NA
id_000719,valid,0
id_001008,train,0
id_001730,test,NA
id_001966,train,0
id_002402,train,1
id_003813,train,1
id_002036,train,1
id_002344,valid,1
id_000270,test,NA
id_003567,train,1
id_003932,train,1
id_002445,test,NA
id_001301,train,0
id_002999,valid,1
id_003222,train,1
id_000253,train,0
id_003657,train,1
id_001759,valid,0
id_002110,test,NA
id_003696,train,1
id_000547,train,0
id_002258,train,1
id_001224,valid,0
id_002268,train,1
id_001876,train,0
id_002008,train,1
id_002347,train,1
id_003981,train,1
id_001852,train,0
id_001669,valid,0
id_000373,train,0
id_000341,train,0
id_003651,train,1
id_000840,test,NA
id_003060,test,NA
id_003035,test,NA
id_003286,train,1
id_003863,train,1
id_002490,test,NA
id_000604,valid,0
id_002805,test,NA
id_001396,train,0
id_002873,train,1
id_003242,train,1
id_003379,valid,1
id_000964,valid,0
id_002099,valid,1
id_003836,train,1
id_000554,valid,0
id_000106,train,0
id_002396,train,1
id_003933,train,1
id_002675,test,NA
id_003833,train,1
id_002050,test,NA
id_001973,train,0
id_002534,valid,1
id_001810,test,NA
id_000159,valid,0
id_001263,train,0
id_001977,train,0
id_002790,test,NA
id_002410,test,NA
id_003687,train,1
id_003724,valid,1
id_001495,test,NA
id_002375,test,NA
id_001238,train,0
id_001480,test,NA
id_000863,train,0
id_003006,train,1
id_000462,train,0
id_001788,train,0
id_001822,train,0
id_001493,train,0
id_003116,train,1
id_003684,valid,1
id_003217,train,1
id_002866,train,1
id_001103,train,0
id_003356,train,1
id_000381,train,0
id_000981,train,0
id_000177,train,0
id_002394,valid,1
id_001125,test,NA
id_003862,train,1
id_001560,test,NA
id_001855,test,NA
id_001524,valid,0
id_000261,train,0
id_003752,train,1
id_000548,train,0
id_002585,test,NA
id_000904,valid,0
id_002134,valid,1
id_000706,train,0
id_001648,train,0
id_001182,train,0
id_000647,train,0
id_003398,train,1
id_003797,train,1
id_003760,test,NA
id_003324,valid,1
id_001891,train,0
id_000520,test,NA
id_003434,valid,1
id_000456,train,0
id_001715,test,NA
id_000878,train,0
id_001331,train,0
id_001656,train,0
id_000799,valid,0
id_000058,train,0
id_000514,valid,0
id_001862,train,0
id_002600,test,NA
id_003344,valid,1
id_003110,test,NA
id_002503,train,1
id_003500,test,NA
id_003347,train,1
id_003521,train,1
id_003940,test,NA
id_000122,train,0
id_000404,valid,0
id_003508,train,1
id_000322,train,0
id_000167,train,0
id_001233,train,0
id_003545,test,NA
id_000460,test,NA
id_000077,train,0
id_000362,train,0
id_002081,train,1
id_000531,train,0
id_000060,test,NA
id_000031,train,0
id_000285,test,NA
id_003588,train,1
id_002854,valid,1
id_001401,train,0
id_000474,valid,0
id_000075,test,NA
id_001965,test,NA
id_002764,valid,1
id_003536,train,1
id_002688,train,1
id_000283,train,0
id_003676,train,1
id_002566,train,1
id_003074,valid,1
id_002916,train,1
id_001122,train,0
id_003237,train,1
id_002610,test,NA
id_000296,train,0
id_000072,train,0
id_003929,valid,1
id_000442,train,0
id_002907,train,1
id_001133,train,0
id_000606,train,0
id_003053,train,1
id_002473,train,1
id_003751,train,1
id_001590,test,NA
id_003340,test,NA
id_001069,valid,0
id_001659,valid,0
id_000609,valid,0
id_003363,train,1
id_000808,train,0
id_000566,train,0
id_003746,train,1
id_002435,test,NA
id_001272,train,0
id_001207,train,0
id_003306,train,1
id_002069,valid,1
id_000418,train,0
id_003233,train,1
id_002239,valid,1
id_000158,train,0
id_003346,train,1
id_003611,train,1
id_000802,train,0
id_002774,valid,1
id_003988,train,1
id_002026,train,1
id_003714,valid,1
id_003273,train,1
id_001925,test,NA
id_002316,train,1
id_003768,train,1
id_001645,test,NA
id_001285,test,NA
id_000055,test,NA
id_001367,train,0
id_002979,valid,1
id_001971,train,0
id_002520,test,NA
id_003526,train,1
id_001527,train,0
id_001212,train,0
id_001701,train,0
id_003711,train,1
id_002145,test,NA
id_001853,train,0
id_001466,train,0
id_000170,test,NA
id_000714,valid,0
id_000608,train,0
id_003528,train,1
id_001019,valid,0
id_001145,test,NA
id_000186,train,0
id_001315,test,NA
id_001700,test,NA
id_002044,valid,1
id_002489,valid,1
id_002702,train,1
id_002381,train,1
id_003259,valid,1
id_000817,train,0
id_002063,train,1
id_002136,train,1
id_002811,train,1
id_002747,train,1
id_000157,train,0
id_002507,train,1
id_003947,train,1
id_003743,train,1
id_000834,valid,0
id_000406,train,0
id_003977,train,1
id_003987,train,1
id_003770,test,NA
id_000619,valid,0
id_001064,valid,0
id_003820,test,NA
id_000798,train,0
id_001054,valid,0
id_001421,train,0
id_003615,test,NA
id_001189,valid,0
id_001274,valid,0
id_001517,train,0
id_000641,train,0
id_003032,train,1
id_003198,train,1
id_002181,train,1
id_002494,valid,1
id_002480,test,NA
id_000481,train,0
id_003701,train,1
id_001951,train,0
id_003276,train,1
id_000487,train,0
id_003482,train,1
id_001187,train,0
id_003463,train,1
id_001216,train,0
id_001572,train,0
id_002189,valid,1
id_003680,test,NA
id_000190,test,NA
id_002372,train,1
id_002053,train,1
id_000646,train,0
id_002925,test,NA
id_003075,test,NA
id_001424,valid,0
id_002581,train,1
id_002579,valid,1
id_002819,valid,1
id_000363,train,0
id_000194,valid,0
id_001363,train,0
id_003576,train,1
id_001617,train,0
id_003026,train,1
id_000457,train,0
id_002539,valid,1
id_003180,test,NA
id_001206,train,0
id_000421,train,0
id_002395,test,NA
id_003119,valid,1
id_001847,train,0
id_002209,valid,1
id_000089,valid,0
id_000969,valid,0
id_003849,valid,1
id_001726,train,0
id_000424,valid,0
id_000101,train,0
id_000029,valid,0
id_003597,train,1
id_000653,train,0
id_002127,train,1
id_000681,train,0
id_000986,train,0
id_002578,train,1
id_000918,train,0
id_003516,train,1
id_001541,train,0
id_003668,train,1
id_003464,valid,1
id_000066,train,0
id_001850,test,NA
id_000590,test,NA
id_001833,train,0
id_003440,test,NA
id_000222,train,0
id_000359,valid,0
id_000914,valid,0
id_002939,valid,1
id_000201,train,0
id_002148,train,1
id_002195,test,NA
id_002746,train,1
id_003124,valid,1
id_001839,valid,0
id_000759,valid,0
id_003029,valid,1
id_000467,train,0
id_000147,train,0
id_000874,valid,0
id_000572,train,0
id_001297,train,0
id_002674,valid,1
id_001247,train,0
id_002722,train,1
id_002846,train,1
id_000348,train,0
id_003419,valid,1
id_003655,test,NA
id_003011,train,1
id_002013,train,1
id_002385,test,NA
id_000943,train,0
id_001649,valid,0
id_002518,train,1
id_003118,train,1
id_002577,train,1
id_001874,valid,0
id_003945,test,NA
id_000455,test,NA
id_003246,train,1
id_002477,train,1
id_002963,train,1
id_003975,test,NA
id_002171,train,1
id_003542,train,1
id_001635,test,NA
id_001334,valid,0
id_002798,train,1
id_001468,train,0
id_000593,train,0
id_000146,train,0
id_002499,valid,1
id_000040,test,NA
id_003660,test,NA
id_002626,train,1
id_002801,train,1
id_002810,test,NA
id_001856,train,0
id_002970,test,NA
id_000847,train,0
id_002403,train,1
id_003707,train,1
id_003087,train,1
id_001048,train,0
id_002097,train,1
id_003565,test,NA
id_003556,train,1
id_002930,test,NA
id_001490,test,NA
id_003182,train,1
id_003070,test,NA
id_000254,valid,0
id_003993,train,1
id_000289,valid,0
id_000924,valid,0
id_001290,test,NA
id_003489,valid,1
id_003853,train,1
id_002645,test,NA
id_001036,train,0
id_003997,train,1
id_003901,train,1
id_002696,train,1
id_002661,train,1
id_000347,train,0
id_003791,train,1
id_001532,train,0
id_002775,test,NA
id_000968,train,0
id_000396,train,0
id_003920,test,NA
id_003095,test,NA
id_001950,test,NA
id_000483,train,0
id_000181,train,0
id_002736,train,1
id_003044,valid,1
id_003506,train,1
id_001007,train,0
id_003228,train,1
id_001528,train,0
id_003499,valid,1
id_000866,train,0
id_002190,test,NA
id_002949,valid,1
id_001011,train,0
id_002735,test,NA
id_002464,valid,1
id_003517,train,1
id_003283,train,1
id_003062,train,1
id_003380,test,NA
id_001463,train,0
id_000328,train,0
id_003972,train,1
id_000384,valid,0
id_000902,train,0
id_003507,train,1
id_002351,train,1
id_003424,valid,1
id_002146,train,1
id_003155,test,NA
id_002983,train,1
id_002760,test,NA
id_000931,train,0
id_003147,train,1
id_001594,valid,0
id_001370,test,NA
id_001887,train,0
id_001162,train,0
id_001650,test,NA
id_002855,test,NA
id_000953,train,0
id_002924,valid,1
id_003163,train,1
id_003446,train,1
id_003355,test,NA
id_001577,train,0
id_000005,test,NA
id_001318,train,0
id_000032,train,0
id_000623,train,0
id_000001,train,0
id_002857,train,1
id_002643,train,1
id_000644,valid,0
id_001819,valid,0
id_000708,train,0
id_003400,test,NA
id_002964,valid,1
id_001316,train,0
id_003455,test,NA
id_001079,valid,0
id_000999,valid,0
id_000430,test,NA
id_002263,train,1
id_000453,train,0
id_000044,valid,0
id_001824,valid,0
id_002608,train,1
id_000463,train,0
id_002745,test,NA
id_002175,test,NA
id_000538,train,0
id_003829,valid,1
id_003520,test,NA
id_003101,train,1
id_000677,train,0
id_000074,valid,0
id_000697,train,0
id_002338,train,1
id_002448,train,1
id_003139,valid,1
id_000108,train,0
id_003214,valid,1
id_002728,train,1
id_000942,train,0
id_002960,test,NA
id_003410,test,NA
id_000047,train,0
id_000844,valid,0
id_001574,valid,0
id_001768,train,0
id_000809,valid,0
id_001678,train,0
id_001817,train,0
id_003954,valid,1
id_000612,train,0
id_000503,train,0
id_002422,train,1
id_000297,train,0
id_000568,train,0
id_001403,train,0
id_001061,train,0
id_003775,test,NA
id_003154,valid,1
id_001149,valid,0
id_001680,test,NA
id_001598,train,0
id_001636,train,0
id_002974,valid,1
id_000746,train,0
id_001525,test,NA
id_002826,train,1
id_000509,valid,0
id_003114,valid,1
id_002509,valid,1
id_002150,test,NA
id_003935,test,NA
id_001794,valid,0
id_002767,train,1
id_000350,test,NA
id_003857,train,1
id_001596,train,0
id_003717,train,1
id_000006,train,0
id_001662,train,0
id_000613,train,0
id_002937,train,1
id_001836,train,0
id_002119,valid,1
id_000773,train,0
id_002358,train,1
id_000707,train,0
id_002454,valid,1
id_001515,test,NA
id_001251,train,0
id_003490,test,NA
id_002559,valid,1
id_000372,train,0
id_002037,train,1
id_000027,train,0
id_002475,test,NA
id_000367,train,0
id_000025,test,NA
id_001534,valid,0
id_001442,train,0
id_000763,train,0
id_003240,test,NA
id_001775,test,NA
id_001809,valid,0
id_002958,train,1
id_001882,train,0
id_001984,valid,0
id_000387,train,0
id_002426,train,1
id_001455,test,NA
id_001615,test,NA
id_003566,train,1
id_001523,train,0
id_000007,train,0
id_002744,valid,1
id_001923,train,0
id_003475,test,NA
id_002104,valid,1
id_000655,test,NA
id_002572,train,1
id_000893,train,0
id_000738,train,0
id_001240,test,NA
id_001485,test,NA
id_003501,train,1
id_001106,train,0
id_003787,train,1
id_000324,valid,0
id_000319,valid,0
id_003515,test,NA
id_003827,train,1
id_003238,train,1
id_000062,train,0
id_002595,test,NA
id_000769,valid,0
id_003406,train,1
id_001605,test,NA
id_000080,test,NA
id_003183,train,1
id_000917,train,0
id_000291,train,0
id_003519,valid,1
id_001138,train,0
id_002818,train,1
id_003102,train,1
id_000796,train,0
id_002711,train,1
id_000472,train,0
id_000021,train,0
id_002583,train,1
id_001384,valid,0
id_001062,train,0
id_001533,train,0
id_000354,valid,0
id_003705,test,NA
id_001578,train,0
id_002401,train,1
id_001922,train,0
id_001627,train,0
id_003634,valid,1
id_002757,train,1
id_002589,valid,1
id_002049,valid,1
id_003537,train,1
id_002822,train,1
id_000204,valid,0
id_003138,train,1
id_002249,valid,1
id_002885,test,NA
id_002088,train,1
id_003580,test,NA
id_001391,train,0
id_000881,train,0
id_001953,train,0
id_001024,valid,0
id_003585,test,NA
id_003677,train,1
id_000555,test,NA
id_003216,train,1
id_003004,valid,1
id_001472,train,0
id_002373,train,1
id_002771,train,1
id_003334,valid,1
id_001816,train,0
id_002293,train,1
id_003904,valid,1
id_000974,valid,0
id_002514,valid,1
id_001755,test,NA
id_001987,train,0
id_003192,train,1
id_003181,train,1
id_000610,test,NA
id_003227,train,1
id_002413,train,1
id_003010,test,NA
id_003462,train,1
id_002200,test,NA
id_002106,train,1
id_000271,train,0
id_002208,train,1
id_002561,train,1
id_000098,train,0
id_003427,train,1
id_002098,train,1
id_001358,train,0
id_000126,train,0
id_002194,valid,1
id_002669,valid,1
id_001218,train,0
id_001786,train,0
id_001568,train,0
id_002446,train,1
id_001622,train,0
id_000887,train,0
id_003069,valid,1
id_002803,train,1
id_001210,test,NA
id_000505,test,NA
id_002247,train,1
id_001935,test,NA
id_001652,train,0
id_003329,valid,1
id_002755,test,NA
id_001181,train,0
id_002233,train,1
id_001934,valid,0
id_003818,train,1
id_001351,train,0
id_003433,train,1
id_002143,train,1
id_002504,valid,1
id_001682,train,0
id_002341,train,1
id_002275,test,NA
id_003224,valid,1
id_000443,train,0
id_002056,train,1
id_000103,train,0
id_003049,valid,1
id_002416,train,1
id_003038,train,1
id_001888,train,0
id_001714,valid,0
id_003729,valid,1
id_003143,train,1
id_000703,train,0
id_002073,train,1
id_001553,train,0
id_002414,valid,1
id_002738,train,1
id_003230,test,NA
id_000096,train,0
id_001150,test,NA
id_000797,train,0
id_003673,train,1
id_001158,train,0
id_000093,train,0
id_002180,test,NA
id_001522,train,0
id_000246,train,0
id_001200,test,NA
id_002940,test,NA
id_002921,train,1
id_003307,train,1
id_000667,train,0
id_002022,train,1
id_003325,test,NA
id_003772,train,1
id_003019,valid,1
id_001151,train,0
id_002270,test,NA
id_002279,valid,1
id_001487,train,0
id_002114,valid,1
id_003890,test,NA
id_001205,test,NA
id_002425,test,NA
id_001013,train,0
id_000293,train,0
id_003327,train,1
id_001946,train,0
id_000306,train,0
